-- MySQL dump 10.13  Distrib 5.7.28, for Linux (x86_64)
--
-- Host: localhost    Database: myERP
-- ------------------------------------------------------
-- Server version	5.7.28-0ubuntu0.18.04.4

/*!40101 SET @OLD_CHARACTER_SET_CLIENT=@@CHARACTER_SET_CLIENT */;
/*!40101 SET @OLD_CHARACTER_SET_RESULTS=@@CHARACTER_SET_RESULTS */;
/*!40101 SET @OLD_COLLATION_CONNECTION=@@COLLATION_CONNECTION */;
/*!40101 SET NAMES utf8 */;
/*!40103 SET @OLD_TIME_ZONE=@@TIME_ZONE */;
/*!40103 SET TIME_ZONE='+00:00' */;
/*!40014 SET @OLD_UNIQUE_CHECKS=@@UNIQUE_CHECKS, UNIQUE_CHECKS=0 */;
/*!40014 SET @OLD_FOREIGN_KEY_CHECKS=@@FOREIGN_KEY_CHECKS, FOREIGN_KEY_CHECKS=0 */;
/*!40101 SET @OLD_SQL_MODE=@@SQL_MODE, SQL_MODE='NO_AUTO_VALUE_ON_ZERO' */;
/*!40111 SET @OLD_SQL_NOTES=@@SQL_NOTES, SQL_NOTES=0 */;

--
-- Table structure for table `mstCompany`
--

DROP TABLE IF EXISTS `mstCompany`;
/*!40101 SET @saved_cs_client     = @@character_set_client */;
/*!40101 SET character_set_client = utf8 */;
CREATE TABLE `mstCompany` (
  `id` tinyint(4) NOT NULL AUTO_INCREMENT,
  `companyCode` varchar(100) DEFAULT NULL,
  `companyName` varchar(100) DEFAULT NULL,
  PRIMARY KEY (`id`)
) ENGINE=InnoDB AUTO_INCREMENT=13 DEFAULT CHARSET=latin1;
/*!40101 SET character_set_client = @saved_cs_client */;

--
-- Dumping data for table `mstCompany`
--

LOCK TABLES `mstCompany` WRITE;
/*!40000 ALTER TABLE `mstCompany` DISABLE KEYS */;
INSERT INTO `mstCompany` VALUES (1,'S1111009','BINA SERVICE'),(2,'S1111019','LIMAWIRA WISESA'),(3,'S1111024','INDO SERVICE UTAMA'),(4,'S1111028','LIMAWIRA BATAMINDO'),(5,'S1111035','PRATAMA DATAMAKSIMA'),(6,'S1111038','RR LIMAWIRA BATAMINDO'),(7,'S1111042','NON LIMAWIRA'),(8,'S1111044','SPARINDO ALFA PERSADA'),(9,'S1111046','SPARTADUA RIBUJAYA'),(10,'S1111058','ROKATINDO'),(11,'S1111161','IMADEA MAGKASAMA'),(12,'S1111166','AMANERA BERSAMA ABADI');
/*!40000 ALTER TABLE `mstCompany` ENABLE KEYS */;
UNLOCK TABLES;

--
-- Table structure for table `mstDepartmentSupports`
--

DROP TABLE IF EXISTS `mstDepartmentSupports`;
/*!40101 SET @saved_cs_client     = @@character_set_client */;
/*!40101 SET character_set_client = utf8 */;
CREATE TABLE `mstDepartmentSupports` (
  `id` smallint(6) NOT NULL AUTO_INCREMENT,
  `supportName` varchar(50) DEFAULT NULL,
  `departmentID` tinyint(4) DEFAULT NULL,
  PRIMARY KEY (`id`)
) ENGINE=InnoDB AUTO_INCREMENT=11 DEFAULT CHARSET=latin1;
/*!40101 SET character_set_client = @saved_cs_client */;

--
-- Dumping data for table `mstDepartmentSupports`
--

LOCK TABLES `mstDepartmentSupports` WRITE;
/*!40000 ALTER TABLE `mstDepartmentSupports` DISABLE KEYS */;
INSERT INTO `mstDepartmentSupports` VALUES (1,'NTTS 5.3',1),(2,'NTTS 5.4',1),(3,'NTTS 5.5',1),(4,'Computer',1),(5,'Printer',1),(6,'Scanner',1),(7,'Application',1),(8,'Other',1),(9,'EDP - Daily',1),(10,'EDP - Annually',1);
/*!40000 ALTER TABLE `mstDepartmentSupports` ENABLE KEYS */;
UNLOCK TABLES;

--
-- Table structure for table `mstEmployees`
--

DROP TABLE IF EXISTS `mstEmployees`;
/*!40101 SET @saved_cs_client     = @@character_set_client */;
/*!40101 SET character_set_client = utf8 */;
CREATE TABLE `mstEmployees` (
  `id` smallint(6) NOT NULL AUTO_INCREMENT,
  `mssqlCode` varchar(10) DEFAULT NULL,
  `employeeCode` char(6) DEFAULT NULL,
  `fullName` varchar(25) DEFAULT NULL,
  `nickName` varchar(15) DEFAULT NULL,
  `gender` char(1) DEFAULT NULL,
  `address` varchar(200) DEFAULT NULL,
  `zipCode` char(5) DEFAULT NULL,
  `phoneNumber` varchar(15) DEFAULT NULL,
  `handphoneNumber` varchar(20) DEFAULT NULL,
  `birthPlace` varchar(25) DEFAULT NULL,
  `birthDate` date DEFAULT NULL,
  `religionID` tinyint(4) DEFAULT NULL,
  `marriedStatusID` tinyint(4) DEFAULT NULL,
  `idNumber` varchar(25) DEFAULT NULL,
  `idNumberExpiredDate` date DEFAULT NULL,
  `NPWP` varchar(25) DEFAULT NULL,
  `firstDayWorking` date DEFAULT NULL,
  `officeID` tinyint(4) DEFAULT NULL,
  `employeeTypeID` tinyint(4) DEFAULT NULL,
  `positionID` tinyint(4) DEFAULT NULL,
  `emailAddress` varchar(50) DEFAULT NULL,
  `supervisorID` smallint(6) DEFAULT NULL,
  `managerID` smallint(6) DEFAULT NULL,
  `directorID` smallint(6) DEFAULT NULL,
  `departmentID` tinyint(4) DEFAULT NULL,
  `levelNO` tinyint(4) DEFAULT NULL,
  `erplg` tinyint(4) DEFAULT NULL,
  `asSupervisor` tinyint(4) DEFAULT NULL,
  `asSupervisorAdmin` tinyint(4) DEFAULT NULL,
  `asManager` tinyint(4) DEFAULT NULL,
  `asManagerAdmin` tinyint(4) DEFAULT NULL,
  `asDirector` tinyint(4) DEFAULT NULL,
  `asHRD` tinyint(4) DEFAULT NULL,
  `asSales` tinyint(4) DEFAULT NULL,
  `tokenDate` datetime DEFAULT NULL,
  `token` varchar(4) DEFAULT NULL,
  `_createdBy` smallint(6) DEFAULT NULL,
  `_createdStamp` timestamp NOT NULL DEFAULT CURRENT_TIMESTAMP ON UPDATE CURRENT_TIMESTAMP,
  `_updatedBy` smallint(6) DEFAULT NULL,
  `_updatedStamp` timestamp NOT NULL DEFAULT '0000-00-00 00:00:00',
  `_deletedBy` smallint(6) DEFAULT NULL,
  `_deletedStamp` timestamp NOT NULL DEFAULT '0000-00-00 00:00:00',
  PRIMARY KEY (`id`)
) ENGINE=InnoDB AUTO_INCREMENT=208 DEFAULT CHARSET=latin1;
/*!40101 SET character_set_client = @saved_cs_client */;

--
-- Dumping data for table `mstEmployees`
--

LOCK TABLES `mstEmployees` WRITE;
/*!40000 ALTER TABLE `mstEmployees` DISABLE KEYS */;
INSERT INTO `mstEmployees` VALUES (1,'LW0002','LW0002','Rizaldi','',NULL,'Gg. Spoor IV Dalam 60A Rt 010/02 Jakarta DKI','','4212503','+6282124242701','','1970-07-27',1,2,'','0000-00-00','','1994-06-10',1,0,0,'aderizaldi@gmail.com',147,0,0,1,NULL,1,NULL,NULL,NULL,NULL,NULL,NULL,NULL,NULL,NULL,NULL,'2019-12-04 03:51:26',120,'2014-06-08 17:00:00',NULL,'0000-00-00 00:00:00'),(2,'LW0004','LW0004','Adi Sumantri',NULL,NULL,'Jl. Ekor Kuning Raya No. 30 Rt8/7 Rawamangun Jakarta DKI Jakarta',NULL,'(021) 472 1467','+628881111316',NULL,'1975-06-18',1,NULL,NULL,NULL,NULL,'1999-05-01',3,NULL,NULL,'adi@limawira.co.id',NULL,NULL,NULL,NULL,NULL,1,NULL,NULL,NULL,NULL,NULL,NULL,NULL,NULL,NULL,NULL,'2017-07-05 08:15:42',120,'2014-06-07 17:00:00',NULL,'0000-00-00 00:00:00'),(3,'LW0005','LW0005','Rahmat Hidayat',NULL,NULL,'',NULL,'','+6283872962889',NULL,'1990-07-15',1,NULL,NULL,NULL,NULL,'2003-04-16',1,NULL,NULL,'',NULL,NULL,NULL,NULL,NULL,1,NULL,NULL,NULL,NULL,NULL,NULL,NULL,NULL,NULL,NULL,'2017-07-05 08:58:58',120,'2014-06-08 17:00:00',NULL,'0000-00-00 00:00:00'),(4,'LW0008','LW0008','Asep Juhara','aasjoey',NULL,'Gatot Subroto No. 5 Rt 4/5 Krg. Mekar Cimahi Bandung Jawa Barat','',' ','+62818942467','Bandung','1977-07-07',1,0,'3277030707770029','0000-00-00','','1996-06-01',6,2,4,'aasjoey@gmail.com ',NULL,148,0,NULL,NULL,1,NULL,NULL,NULL,NULL,NULL,NULL,NULL,NULL,NULL,NULL,'2019-12-04 02:46:32',120,'2014-06-09 17:00:00',NULL,'0000-00-00 00:00:00'),(5,'LW0010','LW0010','Agung Rahmat Riyadi',NULL,NULL,'Jl. Utan Kayu Raya Gg. Kamboja No. 15A Jakarta DKI Jakarta',NULL,'(021) 857 0248','+6281311251150',NULL,'0000-00-00',1,NULL,NULL,NULL,NULL,'2003-01-30',5,NULL,NULL,'agungrr@gmail.com',NULL,NULL,NULL,NULL,NULL,1,NULL,NULL,NULL,NULL,NULL,NULL,NULL,NULL,NULL,NULL,'2017-07-05 08:15:56',120,'2014-06-09 17:00:00',NULL,'0000-00-00 00:00:00'),(6,'LW0014','LW0014','Djupri',NULL,NULL,'Jl. Melati I/CG No.3 Komp. Dirgantara Permai Jati Asih Bekasi Jawa Barat',NULL,'(021) 574 7713','+6282111102626',NULL,NULL,1,NULL,NULL,NULL,NULL,'2003-04-16',6,NULL,NULL,'',NULL,NULL,NULL,NULL,NULL,1,NULL,NULL,NULL,NULL,NULL,NULL,NULL,NULL,NULL,NULL,'2017-07-05 08:16:04',120,'2014-06-09 17:00:00',NULL,'0000-00-00 00:00:00'),(7,'LW0017','LW0017','Dadang Sugandi',NULL,NULL,'Jl. Biduri Utara Blok D/73 Vila Mas Garden Jakarta DKI Jakarta',NULL,'(021) 425 9848','+62129792260',NULL,'1974-03-13',NULL,NULL,NULL,NULL,NULL,'1995-10-18',1,NULL,NULL,'dadang@limawira.co.id',NULL,NULL,NULL,NULL,NULL,0,NULL,NULL,NULL,NULL,NULL,NULL,1,NULL,NULL,NULL,'2017-07-13 06:08:57',120,'2013-05-20 17:00:00',NULL,'0000-00-00 00:00:00'),(8,'LW0019','LW0019','Dede Supriatna',NULL,NULL,'Jl. Swadaya IV Kamp. Jemblongan Cemp. Putih Jakarta DKI Jakarta',NULL,'','+6285777272018',NULL,'1967-09-05',NULL,NULL,NULL,NULL,NULL,'1992-01-01',33,NULL,NULL,'dedi.supriadi@limawira.co.id',NULL,NULL,NULL,NULL,NULL,1,NULL,NULL,NULL,NULL,NULL,NULL,NULL,NULL,NULL,NULL,'2017-07-05 08:16:30',120,'2014-06-08 17:00:00',NULL,'0000-00-00 00:00:00'),(9,'LW0020','LW0020','Deddi Hidayat',NULL,NULL,'Jl. Koto Baru No. 284 A Padang Sumatra Barat',NULL,'','+6285888370288',NULL,'1972-12-24',1,NULL,NULL,NULL,NULL,'1996-05-15',1,NULL,NULL,'dhidayat@limawira.co.id',NULL,NULL,NULL,NULL,NULL,1,1,NULL,1,NULL,NULL,NULL,NULL,NULL,NULL,NULL,'2017-07-11 02:06:45',120,'2014-06-08 17:00:00',NULL,'0000-00-00 00:00:00'),(10,'LW0022','LW0022','Dedi Supriadi',NULL,NULL,'Jl. Cempaka Putih Tengah 26 G/4 RT 17/ RW 04 Jakarta DKI',NULL,'(021) 912 3366','+6281290103866',NULL,'1966-11-23',1,NULL,NULL,NULL,NULL,'1992-04-30',8,NULL,NULL,'nlsupriadi@gmail.com',NULL,NULL,NULL,NULL,NULL,1,1,NULL,1,NULL,NULL,NULL,NULL,NULL,NULL,NULL,'2017-07-05 08:16:49',120,'2014-06-08 17:00:00',NULL,'0000-00-00 00:00:00'),(11,'LW0023','LW0023','Dibby Ermanda',NULL,NULL,'Jl. Cempaka Baru III No. 48 Rt 13/07 Jakarta DKI Jakarta',NULL,'','+6287884048382',NULL,'1974-07-31',1,NULL,NULL,NULL,NULL,'1998-03-01',5,NULL,NULL,'dibby.ermanda@gmail.com',NULL,NULL,NULL,NULL,NULL,1,NULL,NULL,NULL,NULL,NULL,NULL,NULL,NULL,NULL,NULL,'2017-09-20 06:26:08',120,'2014-09-17 17:00:00',NULL,'0000-00-00 00:00:00'),(12,'LW0029','LW0029','Edmundo S. Domingo','Edd',NULL,'Jl. H. Tohir No. 53A Sukabumi Selatan, Kamp. Jakarta Barat DKI Jakarta','11560','(021) 549 2539','+6281808388447','Navotas Metro Manila','1961-11-16',1,2,'','0000-00-00','07.661.072.4-035.000','1994-04-04',1,2,3,'edmundo@limawira.com',NULL,45,33,NULL,NULL,1,1,NULL,NULL,NULL,NULL,NULL,NULL,NULL,NULL,NULL,'2016-11-15 02:33:50',21,'2014-08-14 06:25:36',NULL,'0000-00-00 00:00:00'),(13,'LW0030','LW0030','Edi Rachmat',NULL,NULL,'Jl. Lumbu Timur Terusan Rt04/33 Blok IIA No. Bekasi Jawa Barat',NULL,'','+6282110621332',NULL,'1967-07-04',1,NULL,NULL,NULL,NULL,'1992-07-28',1,NULL,NULL,'edyrachmat204@yahoo.com',NULL,NULL,NULL,NULL,NULL,1,NULL,NULL,NULL,NULL,NULL,NULL,NULL,NULL,NULL,NULL,'2017-06-14 02:22:55',120,'2014-06-08 17:00:00',NULL,'0000-00-00 00:00:00'),(14,'LW0031','LW0031','Elissa Wiguna',NULL,NULL,'',NULL,'','+628176570809',NULL,'0000-00-00',NULL,NULL,NULL,NULL,NULL,'2003-04-16',1,NULL,NULL,'elisa@limawira.co.id',NULL,NULL,NULL,NULL,NULL,1,1,NULL,1,NULL,NULL,NULL,NULL,NULL,NULL,NULL,'2016-11-10 06:32:51',120,'2014-06-04 17:00:00',NULL,'0000-00-00 00:00:00'),(15,'LW0033','LW0033','M. Agus Romli',NULL,NULL,'Jl. Cempaka Putih Barat II F/30 Jakarta DKI Jakarta',NULL,'(021) 424 0168','+6285811291973',NULL,'0000-00-00',1,NULL,NULL,NULL,NULL,'2003-04-16',14,NULL,NULL,'agusrml73@gmail.com',NULL,NULL,NULL,NULL,NULL,1,NULL,NULL,NULL,NULL,NULL,NULL,NULL,NULL,NULL,NULL,'2018-04-13 03:21:10',120,'2014-06-08 17:00:00',NULL,'0000-00-00 00:00:00'),(17,'LW0037','LW0037','Felix Hendarwanto',NULL,NULL,'Mulya Asri I Blok B2/8 Citra Raya Tangerang Jawa Barat',NULL,'','+628129556881',NULL,'1964-06-24',NULL,NULL,NULL,NULL,NULL,'1993-03-22',1,NULL,NULL,'felix@limawira.co.id',NULL,NULL,NULL,NULL,NULL,1,NULL,NULL,NULL,NULL,NULL,NULL,NULL,NULL,NULL,NULL,'2016-11-10 06:32:51',120,'2014-06-08 17:00:00',NULL,'0000-00-00 00:00:00'),(18,'LW0039','LW0039','Pri Wahyudi',NULL,NULL,'Jl. Buaran II No. 2 Rt 7/13 Klender Dr.Sawit Jakarta Timur DKI Jakarta',NULL,'','+6285694293641',NULL,'2009-01-28',NULL,NULL,NULL,NULL,NULL,'1996-10-17',1,NULL,NULL,'pri.wahyudi@limawira.com',NULL,NULL,NULL,NULL,NULL,1,1,NULL,NULL,NULL,NULL,NULL,NULL,NULL,NULL,NULL,'2016-11-10 06:32:51',120,'2014-06-08 17:00:00',NULL,'0000-00-00 00:00:00'),(19,'LW0041','LW0041','Gunawan Harsaputra',NULL,NULL,'Jl. Cempaka Putih Barat IIB/5B Jakarta DKI',NULL,'0816 1108525','+628161108525',NULL,'1973-01-29',NULL,NULL,NULL,NULL,NULL,'1996-09-01',1,0,0,'stefan@limawira.com',NULL,0,0,NULL,NULL,1,1,NULL,1,NULL,NULL,NULL,NULL,NULL,NULL,NULL,'2018-07-17 04:07:14',120,'2014-06-02 17:00:00',NULL,'0000-00-00 00:00:00'),(20,'LW0042','LW0042','Gustini',NULL,NULL,'Jl. Danau Bekuan CI/57 Jakarta DKI',NULL,'(021) 573 4065','+628129960913',NULL,'1964-08-29',1,NULL,NULL,NULL,NULL,'1991-10-01',1,NULL,NULL,'gustini.upiek@yahoo.com',NULL,NULL,NULL,NULL,NULL,1,NULL,NULL,NULL,NULL,NULL,NULL,NULL,NULL,NULL,NULL,'2016-11-10 06:32:51',120,'2014-06-08 17:00:00',NULL,'0000-00-00 00:00:00'),(21,'LW0044','LW0044','Hadi Supriatna','Hadi',NULL,'Griya Cinunuk Indah Blok B.10 No.01 Cileunyi - Bandung','','(022)7830171','+628157174403','Cimahi','0000-00-00',1,2,'3204051705770004','0000-00-00','08.782.984.2-024.000','0000-00-00',1,2,3,'hadits2001@gmail.com',NULL,34,48,NULL,NULL,1,1,NULL,NULL,NULL,NULL,NULL,NULL,NULL,NULL,NULL,'2016-10-04 06:38:51',5,'2014-08-13 04:46:59',NULL,'0000-00-00 00:00:00'),(22,'LW0050','LW0050','Hendra Hermawan','',NULL,'Jl. Cempaka Warna RT 17 RW 04, Cempaka Putih Timur - Jakarta Pusat','10510','','+6281510012067','Bandung','1976-08-17',1,2,'3171051708760003','0000-00-00','','1996-06-01',1,2,NULL,'Hendra@limawira.com',NULL,45,33,NULL,NULL,1,NULL,NULL,NULL,NULL,NULL,NULL,NULL,NULL,NULL,NULL,'2016-09-29 07:51:09',6,'2014-08-14 05:47:02',NULL,'0000-00-00 00:00:00'),(23,'LW0051','LW0051','Hendri Widayat',NULL,NULL,'Jl. Gamprit II Rt 14/02 No. 25 Jati Waringin Jakarta Timur DKI Jakarta',NULL,'(021) 8485310','+628121954282',NULL,'1966-08-30',1,NULL,NULL,NULL,NULL,'1996-04-15',1,NULL,NULL,'hendri@limawira.co.id',NULL,NULL,NULL,NULL,NULL,1,NULL,NULL,NULL,NULL,NULL,NULL,NULL,NULL,NULL,NULL,'2016-11-10 06:32:51',120,'2014-06-08 17:00:00',NULL,'0000-00-00 00:00:00'),(24,'LW0052','LW0052','Iqbal',NULL,NULL,'Jl. H. Muhajar Rt 04/02 Jakarta DKI',NULL,'(021) 5327481','+622195328901',NULL,'1968-09-21',1,NULL,NULL,NULL,NULL,'1999-06-05',1,NULL,NULL,NULL,NULL,NULL,NULL,NULL,NULL,1,NULL,NULL,NULL,NULL,NULL,NULL,NULL,NULL,NULL,NULL,'2016-11-10 06:32:51',120,'2014-06-08 17:00:00',NULL,'0000-00-00 00:00:00'),(25,'LW0056','LW0056','Iim Saprudin',NULL,NULL,'Jl. Gamprit 2 RT 02/RW 14 No. 25 Jatiwaringi Jakarta Timur DKI Jakarta',NULL,'(021) 848 5310','+628129721061',NULL,'1976-02-23',1,NULL,NULL,NULL,NULL,'1996-07-01',1,NULL,NULL,'iimgajian@gmail.com',NULL,NULL,NULL,NULL,NULL,1,1,NULL,NULL,NULL,NULL,NULL,NULL,NULL,NULL,NULL,'2016-11-10 06:32:51',120,'2014-06-08 17:00:00',NULL,'0000-00-00 00:00:00'),(26,'LW0058','LW0058','Ilham Dhani',NULL,NULL,'Jl. Kebon Raya Komp BPK III/C4 Kebon Jeruk Jakarta Barat DKI Jakarta',NULL,'','081281162809',NULL,'1976-06-22',1,NULL,NULL,NULL,NULL,'1998-04-01',1,NULL,NULL,'dh4nny76@gmail.com',NULL,NULL,NULL,NULL,NULL,1,NULL,NULL,NULL,NULL,NULL,NULL,NULL,NULL,NULL,NULL,'2018-04-13 03:23:39',120,'2014-06-08 17:00:00',NULL,'0000-00-00 00:00:00'),(27,'LW0068','LW0068','Moh. Ismed Sapuan','Ismed',NULL,'Graha Pondok Jagung I Blok GS 9/10, Pondok Jagung Timur, Serpong Utara, Tangerang Selatan','15326','021-5312 8191','+628129766012','Tulungagung','1964-04-18',1,2,'3674021804640005','2017-04-18','','1989-03-08',1,2,5,'ismed@limawira.com',NULL,45,106,NULL,NULL,1,NULL,NULL,NULL,NULL,NULL,NULL,NULL,NULL,NULL,NULL,'2014-08-13 09:19:12',33,'2014-08-13 09:19:12',NULL,'0000-00-00 00:00:00'),(28,'LW0071','LW0071','Jainuri',NULL,NULL,'Kalibaru Timur Dalam Gg. IVA No. 205 Bungur Jakarta DKI',NULL,'(021) 425 8204','+6282125753313',NULL,'1972-01-30',1,NULL,NULL,NULL,NULL,'1996-04-15',1,NULL,NULL,'jainuri@limawira.com',NULL,NULL,NULL,NULL,NULL,1,NULL,NULL,NULL,NULL,NULL,NULL,NULL,NULL,NULL,NULL,'2016-11-10 06:32:51',120,'2014-06-08 17:00:00',NULL,'0000-00-00 00:00:00'),(29,'LW0073','LW0073','Jayadi',NULL,NULL,'Jati Makmur Pd. Gede Rt 02/08 Jakarta DKI',NULL,'','+6282112395401',NULL,'1964-12-10',1,NULL,NULL,NULL,NULL,'1993-03-10',6,NULL,NULL,'',NULL,NULL,NULL,NULL,NULL,1,NULL,NULL,NULL,NULL,NULL,NULL,NULL,NULL,NULL,NULL,'2017-07-05 08:54:39',120,'2014-06-08 17:00:00',NULL,'0000-00-00 00:00:00'),(30,'LW0075','LW0075','Jumali Ariefin','Jumali',NULL,'Perumahan Telaga Mas Blok L6 No. 42, Bekasi Utara, Kota Bekasi','17123','','+6281511200236','Jakarta','1974-02-22',1,2,'3275022202740009','2017-02-22','38.316.505.7-407.000','1999-02-01',1,2,10,'jumali@limawira.com',NULL,45,33,NULL,NULL,1,NULL,NULL,NULL,NULL,NULL,NULL,NULL,NULL,NULL,NULL,'2014-08-14 06:21:51',36,'2014-08-14 06:21:51',NULL,'0000-00-00 00:00:00'),(31,'LW0090','LW0090','M. Islahudin',NULL,NULL,'',NULL,'','081285630902',NULL,'0000-00-00',1,NULL,NULL,NULL,NULL,'2003-04-15',1,NULL,NULL,'islah@limawira.com',NULL,NULL,NULL,NULL,NULL,1,NULL,NULL,NULL,NULL,NULL,NULL,NULL,NULL,NULL,NULL,'2020-03-20 03:56:43',120,'2014-06-08 17:00:00',NULL,'0000-00-00 00:00:00'),(32,'LW0092','LW0092','Marjono','Jon',NULL,'Jl. Benteng Mas V No.14C Rt.07/06 Sunter Jaya Jakarta Utara','14350','','+628159648690','Magetan, Madiun,Jawa Timu','1962-12-15',1,2,'3172021512620012','0000-00-00','59.449.130.0-048.000','1995-05-01',1,2,2,'Marjono 6212@gmail.com',NULL,35,48,NULL,NULL,1,NULL,NULL,NULL,NULL,NULL,NULL,NULL,NULL,NULL,NULL,'2016-10-03 04:37:37',10,'2014-08-14 03:54:10',NULL,'0000-00-00 00:00:00'),(33,'LW0095','LW0095','Marno','',NULL,'RAWASILAM III RT/RW.008/003','','','+628129610358','KEBUMEN ','1971-07-09',1,2,'3275030907710012','2017-07-09','59.449.108.6.407.000','1997-05-01',1,2,2,'',NULL,34,48,NULL,NULL,1,NULL,NULL,NULL,NULL,NULL,NULL,NULL,NULL,NULL,NULL,'2014-08-18 02:12:44',38,'2014-08-18 02:12:44',NULL,'0000-00-00 00:00:00'),(34,'LW0096','LW0096','Marsono',NULL,NULL,'Cilandak Barat Rt 07/01 Jakarta DKI',NULL,'','+62816921980',NULL,'1962-12-15',1,NULL,NULL,NULL,NULL,'1993-06-01',1,NULL,NULL,'pawiro69@yahoo.com',NULL,NULL,NULL,NULL,NULL,1,NULL,NULL,NULL,NULL,NULL,NULL,NULL,NULL,NULL,NULL,'2016-11-10 06:32:51',120,'2014-06-09 17:00:00',NULL,'0000-00-00 00:00:00'),(35,'LW0098','LW0098','Meiliana',NULL,NULL,'Jl. Kayu Putih Utara VIE Kav. 92A, RT 001/RW 008 DKI Jakarta Jakarta Timur',NULL,'(021) 47869958','+6281807020908',NULL,'1971-05-04',NULL,NULL,NULL,NULL,NULL,'1995-04-05',1,NULL,NULL,'meiliana.ang@gmail.com',NULL,NULL,NULL,NULL,NULL,1,NULL,NULL,1,NULL,NULL,NULL,NULL,NULL,NULL,NULL,'2016-12-05 07:07:26',120,'2014-06-08 17:00:00',NULL,'0000-00-00 00:00:00'),(37,'LW0102','LW0102','Murdiono',NULL,NULL,'Komp. Cempaka Warna No. 26 RT 01/ RW 04 Jakarta DKI Jakarta',NULL,'','+6285771338300',NULL,'1979-02-02',1,NULL,NULL,NULL,NULL,'1997-08-01',6,NULL,NULL,'murdiononjuron@yahoo.com',NULL,NULL,NULL,NULL,NULL,1,NULL,NULL,NULL,NULL,NULL,NULL,NULL,NULL,NULL,NULL,'2017-07-05 08:57:05',120,'2014-06-05 17:00:00',NULL,'0000-00-00 00:00:00'),(38,'LW0104','LW0104','Nasarudin',NULL,NULL,'Jl. Johar Baru II No. 1D Jakarta DKI',NULL,'0816 159 220','085711556464',NULL,'1975-12-28',1,NULL,NULL,NULL,NULL,'1994-04-05',9,NULL,NULL,'nasaru176@gmail.com',NULL,NULL,NULL,NULL,NULL,1,NULL,NULL,NULL,NULL,NULL,NULL,NULL,NULL,NULL,NULL,'2019-12-04 06:17:37',120,'2014-06-05 17:00:00',NULL,'0000-00-00 00:00:00'),(39,'LW0105','LW0105','Nilvia Yeni','',NULL,'Taman Asri Blok H IX, No. 6, Ciledug, Tangerang','','7376557','+62816724090','Bukittinggi','1976-03-10',1,1,'','0000-00-00','','2000-06-14',1,NULL,NULL,'nilvia@limawira.com',NULL,NULL,NULL,NULL,NULL,1,NULL,NULL,NULL,NULL,NULL,NULL,NULL,NULL,NULL,NULL,'2016-11-10 06:32:51',61,'2014-06-12 00:10:49',NULL,'0000-00-00 00:00:00'),(40,'LW0111','LW0111','Petrus Yuli Riyadi',NULL,NULL,'Jl. Harapan Jaya No. 1 Jakarta DKI Jakarta',NULL,'8629334','+628128175742',NULL,'1966-07-07',NULL,NULL,NULL,NULL,NULL,'1994-04-20',1,NULL,NULL,'Petrus@limawira.com',NULL,NULL,NULL,NULL,NULL,1,NULL,NULL,NULL,NULL,NULL,NULL,NULL,NULL,NULL,NULL,'2016-11-10 06:32:51',120,'2014-06-08 17:00:00',NULL,'0000-00-00 00:00:00'),(41,'LW0112','LW0112','Petrus P. Folatfindu','Pitter',NULL,'Komp Hankam Slipi Jl.Pipit H 62 Rt 003/002 Kel Palmerah,Kec Palmerah Jakarta Brt','','','+6285100505361','Ambon','1969-02-24',NULL,NULL,'3173072402690002','0000-00-00','07.504.164.6.031.000','1998-05-18',1,2,NULL,'',NULL,NULL,NULL,NULL,NULL,1,NULL,NULL,NULL,NULL,NULL,NULL,NULL,NULL,NULL,NULL,'2017-07-07 01:58:23',46,'2014-08-13 06:03:27',NULL,'0000-00-00 00:00:00'),(42,'LW0115','LW0115','Tubagus Yudhantara',NULL,NULL,'Jl. Kentamaan dalam No. 20 Jakarta DKI',NULL,'6313644','+6285715550502',NULL,'0000-00-00',1,NULL,NULL,NULL,NULL,'2003-04-16',3,NULL,NULL,'tubagus_yudhantara@yahoo.com',NULL,NULL,NULL,NULL,NULL,1,NULL,NULL,NULL,NULL,NULL,NULL,NULL,NULL,NULL,NULL,'2017-07-05 08:57:31',120,'2014-06-08 17:00:00',NULL,'0000-00-00 00:00:00'),(43,'LW0119','LW0119','Rokidi','',NULL,'gg. Masjid Al Islah Rt 04/03 No. 20 Cisalak  Depok Jawa Barat','','','+628119504809','','1964-05-11',1,NULL,'3276051105640009','2017-05-11','','1993-05-01',9,NULL,NULL,'rokidi.lww@gmail.com',NULL,NULL,NULL,NULL,NULL,1,NULL,NULL,NULL,NULL,NULL,NULL,NULL,NULL,NULL,NULL,'2017-07-05 08:57:45',8,'2014-08-14 06:04:20',NULL,'0000-00-00 00:00:00'),(44,'LW0122','LW0122','M. Zetiara R.','Zetra',NULL,'Jl. Cempaka Putih Tengah II Jakarta Pusat DKI Jakarta','12850','','+6282122352408','Jakarta','0000-00-00',1,0,'','0000-00-00','','2003-04-28',9,2,3,'zetra@limawira.com',NULL,0,0,NULL,NULL,1,NULL,NULL,NULL,NULL,NULL,NULL,NULL,NULL,NULL,NULL,'2019-09-20 09:45:08',120,'2014-06-08 17:00:00',NULL,'0000-00-00 00:00:00'),(45,'LW0126','LW0126','Viany Rosa',NULL,NULL,'Jl. Darmais no. 5 Kedung Halang Bogor Jawa Barat',NULL,'0251 653144','+6285777834131',NULL,'0000-00-00',1,NULL,NULL,NULL,NULL,'2003-04-16',10,NULL,NULL,'viany.rosa@gmail.com',NULL,NULL,NULL,NULL,NULL,1,NULL,NULL,NULL,NULL,NULL,NULL,NULL,NULL,NULL,NULL,'2017-07-05 08:58:16',120,'2014-06-08 17:00:00',NULL,'0000-00-00 00:00:00'),(46,'LW0128','LW0128','Shoimun','shoimun',NULL,'Kp.Kemang RT.002/RW.004 Jatibening Baru .Podok Gede.Bekasi ','','','+6289529972545','Bojonegoro','1970-08-09',1,2,'3275080908700022','0000-00-00','','1992-07-03',1,2,2,'shoimun@limawira.co.id',NULL,35,48,NULL,NULL,1,NULL,NULL,NULL,NULL,NULL,NULL,NULL,NULL,NULL,NULL,'2017-07-14 00:56:43',50,'2014-08-13 04:41:36',NULL,'0000-00-00 00:00:00'),(47,'LW0130','LW0130','Siti Hajar Sofyani',NULL,NULL,'Jl. Harapan Jaya VII No. 1A Jakarta DKI',NULL,'4213358','+6282112944911',NULL,'1989-11-14',1,NULL,NULL,NULL,NULL,'2008-04-16',6,NULL,NULL,'shs2708@yahoo.com',NULL,NULL,NULL,NULL,NULL,1,NULL,NULL,NULL,NULL,NULL,NULL,NULL,NULL,NULL,NULL,'2017-07-05 08:58:32',120,'2014-06-08 17:00:00',NULL,'0000-00-00 00:00:00'),(48,'LW0134','LW0134','Sri Pujiantoro','Puji',NULL,'Jl. Pesantren Gg H. Salim Rt 03/04 no. 21 Kreo Selatan - Larangan - Tangerang','15156','94782610','+628119504806','Jakarta','1970-09-07',1,2,'3671110709700008','0000-00-00','','1997-06-27',1,2,3,'puji@limawira.co.id',NULL,35,48,NULL,NULL,1,NULL,NULL,NULL,NULL,NULL,NULL,NULL,NULL,NULL,NULL,'2014-08-13 05:56:27',2,'2014-08-13 05:56:27',NULL,'0000-00-00 00:00:00'),(49,'LW0147','LW0147','Totong Suhapto',NULL,NULL,'Jl. Cempaka Putih Barat II/6 No. 5A Jakarta DKI',NULL,'','+628161153044',NULL,'1971-04-04',NULL,NULL,NULL,NULL,NULL,'1991-01-20',6,NULL,NULL,'',NULL,NULL,NULL,NULL,NULL,1,1,NULL,NULL,NULL,NULL,NULL,NULL,NULL,NULL,NULL,'2017-07-05 08:58:46',120,'2014-06-08 17:00:00',NULL,'0000-00-00 00:00:00'),(50,'LW0150','LW0150','Umi Ariyanti',NULL,NULL,'Jl. Dr. Saharjo - Swadaya I/3 Jakarta DKI',NULL,'','+62816102061',NULL,'1973-08-23',NULL,NULL,NULL,NULL,NULL,'1996-12-01',1,NULL,NULL,'ariyantiumi@yahoo.co.id',NULL,NULL,NULL,NULL,NULL,1,NULL,NULL,NULL,NULL,NULL,NULL,NULL,NULL,NULL,NULL,'2016-11-10 06:32:51',120,'2014-06-08 17:00:00',NULL,'0000-00-00 00:00:00'),(51,'LW0152','LW0152','Wahyudi Irianto',NULL,NULL,NULL,NULL,NULL,'+6281514616710',NULL,'1971-04-21',1,NULL,NULL,NULL,NULL,'1997-08-01',1,NULL,NULL,'multipowerdsp@gmail.com',NULL,NULL,NULL,NULL,NULL,1,1,NULL,NULL,NULL,NULL,NULL,NULL,NULL,NULL,NULL,'2016-11-10 06:32:51',120,'2014-06-08 17:00:00',NULL,'0000-00-00 00:00:00'),(52,'LW0156','LW0156','Yudi Triharsono',NULL,NULL,'Jl. Cempaka Putih Timur XXVI No. 35 Jakarta DKI',NULL,'4259848','+6281806851304',NULL,'1979-10-05',1,NULL,NULL,NULL,NULL,'1999-06-10',1,NULL,NULL,'yuditri@limawira.com',NULL,NULL,NULL,NULL,NULL,1,NULL,NULL,NULL,NULL,NULL,NULL,NULL,NULL,NULL,NULL,'2016-11-10 06:32:51',120,'2014-06-08 17:00:00',NULL,'0000-00-00 00:00:00'),(53,'LW0159','LW0159','Yuwono','Ogi',NULL,'Jl. Bunga No.23, Kampung Baru-Jatibening, Bekasi-JABAR','17412','','+6283890775023','Bandung','1976-02-26',1,2,'3275082602760002','2026-02-17','59.449.140.9-424.000','1995-01-06',1,2,1,'yuwono@limawira.com',NULL,45,106,NULL,NULL,1,NULL,NULL,NULL,NULL,NULL,NULL,NULL,NULL,NULL,NULL,'2016-09-30 03:05:37',56,'2014-08-14 06:50:39',NULL,'0000-00-00 00:00:00'),(54,'LW0161','LW0161','Leonardo',NULL,NULL,'Jl. Gg. N No. 17 Rt 09/08 Jakarta DKI',NULL,'','+6287878786472',NULL,'1972-05-14',NULL,NULL,NULL,NULL,NULL,'1999-08-01',1,NULL,NULL,'',NULL,NULL,NULL,NULL,NULL,1,NULL,NULL,NULL,NULL,NULL,NULL,NULL,NULL,NULL,NULL,'2017-06-15 03:55:42',120,'2014-06-08 17:00:00',NULL,'0000-00-00 00:00:00'),(55,'LW0165','LW0165','Antonius Batlayeri',NULL,NULL,'Jl. Cendrawasih XII/B 458 Bintaro Bekasi barat Jawa Barat',NULL,'(021) 885 4232','+6281288023821',NULL,'1961-08-15',NULL,NULL,NULL,NULL,NULL,'1999-07-26',33,NULL,NULL,'',NULL,NULL,NULL,NULL,NULL,1,NULL,NULL,NULL,NULL,NULL,NULL,NULL,NULL,NULL,NULL,'2017-07-05 09:02:18',120,'2014-06-09 17:00:00',NULL,'0000-00-00 00:00:00'),(56,'LW0201','LW0201','Budiyana',NULL,NULL,NULL,NULL,NULL,'+6285223634139',NULL,NULL,1,NULL,NULL,NULL,NULL,'2006-09-21',6,NULL,NULL,'budiyana_astramanggala@yahoo.com',NULL,NULL,NULL,NULL,NULL,1,1,NULL,NULL,NULL,NULL,NULL,NULL,NULL,NULL,NULL,'2017-07-05 09:02:38',120,'2014-06-05 17:00:00',NULL,'0000-00-00 00:00:00'),(57,'LW0208','LW0208','Joko Ernanto',NULL,NULL,'',NULL,'','+6285691447705',NULL,'0000-00-00',NULL,NULL,NULL,NULL,NULL,'2007-07-02',3,NULL,NULL,'joko@limawira.com',NULL,NULL,NULL,NULL,NULL,1,NULL,NULL,NULL,NULL,NULL,NULL,NULL,NULL,NULL,NULL,'2017-07-05 09:02:52',120,'2014-06-05 17:00:00',NULL,'0000-00-00 00:00:00'),(58,'LW0210','LW0210','Adityo Numgroho',NULL,NULL,NULL,NULL,NULL,'+6285692389525',NULL,'0000-00-00',1,NULL,NULL,NULL,NULL,'2007-07-02',3,NULL,NULL,'adhityo@limawira.com',NULL,NULL,NULL,NULL,NULL,1,NULL,NULL,NULL,NULL,NULL,NULL,NULL,NULL,NULL,NULL,'2017-07-05 09:03:02',120,'2014-06-05 17:00:00',NULL,'0000-00-00 00:00:00'),(59,'LW0212','LW0212','Andi Rahadiawan',NULL,NULL,'Jl. Banjar No.247 Manonjaya Tasikmalaya Jawa Barat',NULL,'','+628129967110',NULL,'1973-01-30',1,NULL,NULL,NULL,NULL,'2000-03-01',1,NULL,NULL,'andi.rahadiawan@ggmail.com',NULL,NULL,NULL,NULL,NULL,1,NULL,NULL,NULL,NULL,NULL,NULL,NULL,NULL,NULL,NULL,'2016-11-10 06:32:51',120,'2014-06-08 17:00:00',NULL,'0000-00-00 00:00:00'),(60,'LW0231','LW0231','Dicky Supriadi',NULL,NULL,'Jl. Rawa Bahagia II/43 Rt 002/02 Grogol Jakarta Barat DKI Jakarta',NULL,'','+6285781639347',NULL,NULL,1,NULL,NULL,NULL,NULL,'2008-10-27',9,NULL,NULL,'supriadi.dicky@gmail.com',NULL,NULL,NULL,NULL,NULL,1,NULL,NULL,NULL,NULL,NULL,NULL,NULL,NULL,NULL,NULL,'2017-07-05 09:03:14',120,'2014-06-05 17:00:00',NULL,'0000-00-00 00:00:00'),(61,'LW0234','LW0234','Ahmad Maulana',NULL,NULL,NULL,NULL,NULL,'+6285718040378',NULL,NULL,1,NULL,NULL,NULL,NULL,'2010-09-29',3,NULL,NULL,'achmad.maulana1990@gmail.com',NULL,NULL,NULL,NULL,NULL,1,NULL,NULL,NULL,NULL,NULL,NULL,NULL,NULL,NULL,NULL,'2017-07-05 09:03:31',120,'2014-06-08 17:00:00',NULL,'0000-00-00 00:00:00'),(62,'LW0235','LW0235','Mukri',NULL,NULL,NULL,NULL,NULL,'+6285714419828',NULL,'0000-00-00',1,NULL,NULL,NULL,NULL,'2010-02-12',9,NULL,NULL,'Mukri@limawira .com',NULL,NULL,NULL,NULL,NULL,1,NULL,NULL,NULL,NULL,NULL,NULL,NULL,NULL,NULL,NULL,'2017-07-05 09:03:59',120,'2014-12-29 17:00:00',NULL,'0000-00-00 00:00:00'),(63,'LW0240','LW0240','Dani Setia Ramdani',NULL,NULL,'Jl. Kubang Selatan VI No. 193 Bandung Jawa Barat',NULL,'(022) 251 1372','+628562220182',NULL,NULL,1,NULL,NULL,NULL,NULL,'2010-11-16',9,NULL,NULL,'danisetia2412@gmail.com',NULL,NULL,NULL,NULL,NULL,1,NULL,NULL,NULL,NULL,NULL,NULL,NULL,NULL,NULL,NULL,'2017-07-05 09:04:17',120,'2014-06-08 17:00:00',NULL,'0000-00-00 00:00:00'),(64,'LW0252','LW0252','Harun Al-Rasyid','',NULL,'','','','+62818698014','','0000-00-00',1,NULL,'','0000-00-00','','2003-04-16',1,NULL,NULL,'harun@limawira.com',NULL,NULL,NULL,NULL,NULL,1,1,NULL,1,NULL,NULL,1,NULL,NULL,NULL,NULL,'2016-11-10 06:32:51',61,'2014-06-12 00:28:27',NULL,'0000-00-00 00:00:00'),(65,'LW0270','LW0270','Fajar Siddieq',NULL,NULL,NULL,NULL,NULL,'+6285711775370',NULL,'1973-03-14',1,NULL,NULL,NULL,NULL,'2004-11-18',1,NULL,NULL,'fajar@limawira.com ',NULL,NULL,NULL,NULL,NULL,1,NULL,NULL,NULL,NULL,NULL,NULL,NULL,NULL,NULL,NULL,'2016-11-10 06:32:51',120,'2014-06-08 17:00:00',NULL,'0000-00-00 00:00:00'),(66,'LW0275','LW0275','Wihadi',NULL,NULL,NULL,NULL,NULL,'+6281319952134',NULL,'0000-00-00',NULL,NULL,NULL,NULL,NULL,'2008-11-06',4,NULL,NULL,'whyhadie@yahoo.com',NULL,NULL,NULL,NULL,NULL,0,NULL,NULL,NULL,NULL,NULL,NULL,NULL,NULL,NULL,NULL,'2017-07-12 03:30:10',120,'2014-05-14 17:00:00',NULL,'0000-00-00 00:00:00'),(67,'LW0276','LW0276','Muslikan',NULL,NULL,'',NULL,'','+6281575721561',NULL,'0000-00-00',1,NULL,NULL,NULL,NULL,'2010-10-11',33,NULL,NULL,'mus.rizky@gmail.com',NULL,NULL,NULL,NULL,NULL,1,NULL,NULL,NULL,NULL,NULL,NULL,NULL,NULL,NULL,NULL,'2017-07-05 09:05:50',120,'2014-06-09 17:00:00',NULL,'0000-00-00 00:00:00'),(68,'LW0281','LW0281','Antonius Santoso',NULL,NULL,'',NULL,'','+628119504813',NULL,'1983-05-16',NULL,NULL,NULL,NULL,NULL,'2009-05-01',1,NULL,NULL,'Santoso@limawira.com',NULL,NULL,NULL,NULL,NULL,1,1,NULL,NULL,NULL,NULL,NULL,NULL,NULL,NULL,NULL,'2017-06-12 08:08:26',120,'2014-06-08 17:00:00',NULL,'0000-00-00 00:00:00'),(69,'LW0291','LW0291','Lukmanul Hakim','Lukman',NULL,'Jl H Baping Komplek Dinas Kebersihan Rt 001 Rw 09 Blok F2 Kel/Kec Ciracas Jaktim','13740','','+628568289302','Jakarta','0000-00-00',1,2,'3175092009830026','0000-00-00','59.016.357.2-009.000','2003-04-16',3,2,1,'lukman@limawira.com',NULL,35,48,NULL,NULL,1,NULL,NULL,NULL,NULL,NULL,NULL,NULL,NULL,NULL,NULL,'2017-07-05 09:07:34',62,'2014-08-29 09:20:39',NULL,'0000-00-00 00:00:00'),(70,'LW0293','LW0293','Natasya CH.',NULL,NULL,NULL,NULL,NULL,'+6282123705489',NULL,NULL,NULL,NULL,NULL,NULL,NULL,'2004-01-08',1,NULL,NULL,'tasya@limawira.com',NULL,NULL,NULL,NULL,NULL,1,NULL,NULL,NULL,NULL,NULL,NULL,NULL,NULL,NULL,NULL,'2016-11-10 06:32:51',120,'2014-06-08 17:00:00',NULL,'0000-00-00 00:00:00'),(71,'LW0300','LW0300','Dwi Cahyo Hendro Wibowo',NULL,NULL,NULL,NULL,NULL,'+6285811108500',NULL,NULL,1,NULL,NULL,NULL,NULL,'2008-04-02',6,NULL,NULL,'',NULL,NULL,NULL,NULL,NULL,1,NULL,NULL,NULL,NULL,NULL,NULL,NULL,NULL,NULL,NULL,'2017-07-05 09:08:20',120,'2014-06-08 17:00:00',NULL,'0000-00-00 00:00:00'),(72,'LW0319','LW0319','Yusen','yus',NULL,'jl.siliwangi gang pemuda rt.001/005 - rawai lumbu bekasi','','','+6285883491701','bojonegoro','1974-11-20',1,2,'3275052011740010','2017-11-20','','2003-05-02',1,2,7,'',NULL,114,33,NULL,NULL,1,NULL,NULL,NULL,NULL,NULL,NULL,NULL,NULL,NULL,NULL,'2014-08-19 09:51:00',65,'2014-08-19 09:51:00',NULL,'0000-00-00 00:00:00'),(73,'LW0323','LW0323','Uyan Supyan','Uyan',NULL,'Kp. Singkir 2 - Rt:03/Rw:02 - Desa Singkir - Kec. Cikalong - Kab. Tasikmalaya','46195','','+6281213998740','Cikalong - Tasikmalaya','0000-00-00',1,2,'3206031701770001','0000-00-00','','2009-03-22',1,2,2,'uyan@limawira.com',NULL,35,NULL,NULL,NULL,1,NULL,NULL,NULL,NULL,NULL,NULL,NULL,NULL,NULL,NULL,'2016-09-29 07:51:09',4,'2014-08-25 03:35:23',NULL,'0000-00-00 00:00:00'),(74,'LW0325','LW0325','Ervina Sari Agustin',NULL,NULL,NULL,NULL,'+628567272870','+6281220232138',NULL,NULL,1,NULL,NULL,NULL,NULL,'2003-06-16',1,NULL,NULL,'ervina.sari85@yahoo.com',NULL,NULL,NULL,NULL,NULL,1,NULL,NULL,NULL,NULL,NULL,NULL,NULL,NULL,NULL,NULL,'2016-11-10 06:32:51',120,'2014-06-08 17:00:00',NULL,'0000-00-00 00:00:00'),(75,'LW0326','LW0326','Muhammad Yusuf',NULL,NULL,'',NULL,'','08971341870',NULL,'0000-00-00',1,NULL,NULL,NULL,NULL,'2003-06-16',1,NULL,NULL,'yusuf013.my@gmil.com',NULL,NULL,NULL,NULL,NULL,1,NULL,NULL,NULL,NULL,NULL,NULL,NULL,NULL,NULL,NULL,'2020-03-20 02:44:49',120,'2014-06-09 17:00:00',NULL,'0000-00-00 00:00:00'),(76,'LW0329','LW0329','Sandy Januardy','Sandy',NULL,'Jl. Cendana No. 25 RT 001 RW 04 Bencongan Indah Kelapa Dua Tangerang','15810','085219364396','+6285219364396','Tangerang','1974-01-06',1,2,'3603280601740002','0000-00-00','59.449.115.1-451.000','2003-06-04',1,2,3,'sandyjanuardy06@gmail.com',NULL,35,48,NULL,NULL,1,NULL,NULL,NULL,NULL,NULL,NULL,NULL,NULL,NULL,NULL,'2016-10-03 04:37:37',67,'2014-08-13 10:31:50',NULL,'0000-00-00 00:00:00'),(77,'LW0331','LW0331','Noto Dwi Pratomo','noto',NULL,'Taman Asri Blok H 9 no 6','15155','','+6285218240211','lebak','0000-00-00',1,2,'3671132109820005','2019-09-21','','2003-05-21',1,2,3,'noto@limawira.com',NULL,114,33,NULL,NULL,1,1,NULL,NULL,NULL,NULL,NULL,NULL,NULL,NULL,NULL,'2016-09-30 03:01:31',66,'2014-08-12 09:49:07',NULL,'0000-00-00 00:00:00'),(79,'LW0341','LW0341','Kustanto',NULL,NULL,'',NULL,'','+6281318364266',NULL,NULL,1,NULL,NULL,NULL,NULL,'2003-09-29',6,NULL,NULL,'idanz.gentho@gmail.com Terima kasih',NULL,NULL,NULL,NULL,NULL,1,NULL,NULL,NULL,NULL,NULL,NULL,NULL,NULL,NULL,NULL,'2017-07-05 09:08:37',120,'2014-06-08 17:00:00',NULL,'0000-00-00 00:00:00'),(80,'LW0344','LW0344','Suhud',NULL,NULL,NULL,NULL,NULL,'+6285888806585',NULL,NULL,1,NULL,NULL,NULL,NULL,'2004-02-03',6,NULL,NULL,'',NULL,NULL,NULL,NULL,NULL,1,NULL,NULL,NULL,NULL,NULL,NULL,NULL,NULL,NULL,NULL,'2017-07-05 09:08:48',120,'2014-06-08 17:00:00',NULL,'0000-00-00 00:00:00'),(81,'LW0345','LW0345','Rio Hanafi',NULL,NULL,'',NULL,'','+6285210285853',NULL,'0000-00-00',1,NULL,NULL,NULL,NULL,'2004-02-27',1,NULL,NULL,'Soccer_rio@yahoo.co.id',NULL,NULL,NULL,NULL,NULL,1,NULL,NULL,NULL,NULL,NULL,NULL,NULL,NULL,NULL,NULL,'2016-11-10 06:32:51',120,'2014-06-08 17:00:00',NULL,'0000-00-00 00:00:00'),(82,'LW0349','LW0349','Wadi Kurniawan',NULL,NULL,'',NULL,'','+628176967121',NULL,'1970-04-10',1,NULL,NULL,NULL,NULL,'2004-12-16',15,NULL,NULL,'',NULL,NULL,NULL,NULL,NULL,1,NULL,NULL,NULL,NULL,NULL,NULL,NULL,NULL,NULL,NULL,'2017-07-12 03:30:29',120,'2014-06-05 17:00:00',NULL,'0000-00-00 00:00:00'),(83,'LW0353','LW0353','Yayan Sugiarto',NULL,NULL,'',NULL,'','+6281314950961',NULL,'0000-00-00',NULL,NULL,NULL,NULL,NULL,'2004-12-16',12,NULL,NULL,'',NULL,NULL,NULL,NULL,NULL,0,NULL,NULL,NULL,NULL,NULL,NULL,NULL,NULL,NULL,NULL,'2017-07-05 09:13:09',120,'2014-05-13 17:00:00',NULL,'0000-00-00 00:00:00'),(85,'LW0357','LW0357','Bambang Fx. Sudarmanto',NULL,NULL,'',NULL,'','+628151602165',NULL,'0000-00-00',NULL,NULL,NULL,NULL,NULL,'2005-11-02',1,NULL,NULL,'Bambang@limawira.com',NULL,NULL,NULL,NULL,NULL,1,1,NULL,NULL,NULL,NULL,NULL,NULL,NULL,NULL,NULL,'2016-11-10 06:32:51',120,'2014-06-08 17:00:00',NULL,'0000-00-00 00:00:00'),(86,'LW0392','LW0392','Dedi Sopian',NULL,NULL,NULL,NULL,NULL,'+6285267054629',NULL,'1971-07-23',NULL,NULL,NULL,NULL,NULL,'2011-04-01',1,NULL,NULL,NULL,NULL,NULL,NULL,NULL,NULL,0,NULL,NULL,NULL,NULL,NULL,NULL,NULL,NULL,NULL,NULL,'2016-11-10 06:32:51',120,'2013-02-14 17:00:00',NULL,'0000-00-00 00:00:00'),(87,'LW0396','LW0396','Zainudin','Zain',NULL,'Jl.Jengki Gg.Melati Rt.004/004 No.15D','','','+6285711879660','Jakarta','1979-07-13',1,2,'3175011307790001','2017-11-15','66.660.221.4-403.000','2011-02-16',1,1,2,'zainudin@limawira.com',147,147,149,1,NULL,1,NULL,NULL,NULL,NULL,NULL,NULL,NULL,NULL,NULL,NULL,'2017-11-15 01:42:18',98,'2014-09-16 08:40:00',NULL,'0000-00-00 00:00:00'),(88,'LW0397','LW0397','Aris Sunanto',NULL,NULL,NULL,NULL,NULL,'+6281389485312',NULL,'1975-05-12',1,NULL,NULL,NULL,NULL,'2011-03-16',1,NULL,NULL,'aris@limawira.com',NULL,NULL,NULL,NULL,NULL,1,1,NULL,NULL,NULL,NULL,NULL,NULL,NULL,NULL,NULL,'2016-11-10 06:32:51',120,'2014-12-29 17:00:00',NULL,'0000-00-00 00:00:00'),(89,'LW0399','LW0399','Desy Irawati',NULL,NULL,'',NULL,'','+6285714124236',NULL,'1985-12-24',1,NULL,NULL,NULL,NULL,'2011-02-14',1,NULL,NULL,'desy@limawira.com',NULL,NULL,NULL,NULL,NULL,1,NULL,NULL,NULL,NULL,NULL,NULL,NULL,NULL,NULL,NULL,'2016-11-10 06:32:51',120,'2014-06-08 17:00:00',NULL,'0000-00-00 00:00:00'),(90,'LW0401','LW0401','Setio Widiyanto',NULL,NULL,NULL,NULL,NULL,'+6289663344922',NULL,'1987-12-29',1,NULL,NULL,NULL,NULL,'2011-06-01',13,NULL,NULL,'Widhie109@gmail.com',NULL,NULL,NULL,NULL,NULL,1,NULL,NULL,NULL,NULL,NULL,NULL,NULL,NULL,NULL,NULL,'2017-07-05 09:14:12',120,'2014-06-08 17:00:00',NULL,'0000-00-00 00:00:00'),(91,'LW0402','LW0402','Rosyid Ridho',NULL,NULL,'',NULL,'','0898868974',NULL,'1991-06-07',1,NULL,NULL,NULL,NULL,'2011-06-01',5,NULL,NULL,'',NULL,NULL,NULL,NULL,NULL,1,NULL,NULL,NULL,NULL,NULL,NULL,NULL,NULL,NULL,NULL,'2019-09-20 03:00:20',120,'2014-06-05 17:00:00',NULL,'0000-00-00 00:00:00'),(92,'LW0404','LW0404','Iwan Prasetyo',NULL,NULL,'',NULL,'','+6281212602928',NULL,'0000-00-00',1,NULL,NULL,NULL,NULL,'2011-06-24',1,NULL,NULL,'Iwanprasetyo1975@gmail.com',NULL,NULL,NULL,NULL,NULL,1,NULL,NULL,NULL,NULL,NULL,NULL,NULL,NULL,NULL,NULL,'2016-11-10 06:32:51',120,'2014-06-08 17:00:00',NULL,'0000-00-00 00:00:00'),(93,'LW0407','LW0407','Priyana Syamhudi','yana',NULL,'jl.swadaya 2 rt.01 rw.05 no.72 , ps minggu , jakarta selatan','12520','','+6281382191914','jakarta','0000-00-00',1,1,'3174092508780008','2016-08-25','','2011-09-26',1,1,2,'',NULL,114,33,NULL,NULL,1,NULL,NULL,NULL,NULL,NULL,NULL,NULL,NULL,NULL,NULL,'2014-08-12 09:46:38',106,'2014-08-12 09:46:38',NULL,'0000-00-00 00:00:00'),(94,'LW0411','LW0411','Jahri','ri',NULL,'','','','+6285781726479','Brebes','0000-00-00',1,2,'','0000-00-00','','2011-12-14',1,1,2,'zahri@limawira.com',NULL,35,33,NULL,NULL,1,NULL,NULL,NULL,NULL,NULL,NULL,NULL,NULL,NULL,NULL,'2014-08-18 01:52:20',110,'2014-08-18 01:52:20',NULL,'0000-00-00 00:00:00'),(95,'LW0412','LW0412','Rian Satriana',NULL,NULL,'',NULL,'','+6289602581455',NULL,NULL,1,NULL,NULL,NULL,NULL,'2011-11-16',3,NULL,NULL,'Ryansatrianaa@gmail.com',NULL,NULL,NULL,NULL,NULL,1,NULL,NULL,NULL,NULL,NULL,NULL,NULL,NULL,NULL,NULL,'2017-07-05 09:14:34',120,'2014-06-09 17:00:00',NULL,'0000-00-00 00:00:00'),(96,'LW0418','LW0418','Johanry Limbong',NULL,NULL,'',NULL,'','+6281218184883',NULL,NULL,NULL,NULL,NULL,NULL,NULL,'2012-02-08',6,NULL,NULL,'johanrylimbong@gmail.com',NULL,NULL,NULL,NULL,NULL,1,NULL,NULL,NULL,NULL,NULL,NULL,NULL,NULL,NULL,NULL,'2017-07-05 09:14:51',120,'2014-06-08 17:00:00',NULL,'0000-00-00 00:00:00'),(97,'LW0420','LW0420','A. Robby C.',NULL,NULL,'',NULL,'','+6281285617864',NULL,NULL,1,NULL,NULL,NULL,NULL,'2012-01-03',33,NULL,NULL,'arobycahyadi@gmail.com',NULL,NULL,NULL,NULL,NULL,1,NULL,NULL,NULL,NULL,NULL,NULL,NULL,NULL,NULL,NULL,'2017-07-05 09:15:02',120,'2014-06-05 17:00:00',NULL,'0000-00-00 00:00:00'),(98,'LW0421','LW0421','RUDI ARWANDA','RUDI',NULL,'JL. H. DOMANG DALAM NO.20 RT.009 RW.02 KEL.KELAPA DUA KEC.KEBON JERUK JAKARTA BARAT','11550','5349689','+6285781222283','TEGAL','1983-12-05',1,2,'3172030512830012','0000-00-00','364856146045000','2012-02-21',1,2,10,'rudi@limawira.com',NULL,45,NULL,NULL,NULL,1,NULL,NULL,NULL,NULL,NULL,NULL,NULL,NULL,NULL,NULL,'2016-09-29 07:51:09',114,'2014-08-13 04:22:16',NULL,'0000-00-00 00:00:00'),(99,'LW0423','LW0423','Rey Mannix','Rey',NULL,'Jl. H. Sulaiman No 75 Rt 01/01 Petukangan Utara','12260','02173690419','+6285282468043','Tangeran','1974-12-04',1,2,'','0000-00-00','','2011-08-07',1,2,2,'rey.mannix@limawira.com +6289656410242',147,147,149,1,NULL,1,NULL,1,NULL,NULL,NULL,0,NULL,NULL,NULL,NULL,'2017-10-31 03:45:46',120,'2014-09-16 06:28:48',NULL,'0000-00-00 00:00:00'),(100,'LW0424','LW0424','Ramelan Mulya Prakoso, S.',NULL,NULL,NULL,NULL,NULL,'+6285693222209',NULL,NULL,1,NULL,NULL,NULL,NULL,'2012-04-02',1,NULL,NULL,'ramelan@limawira.com',147,NULL,NULL,1,NULL,1,NULL,NULL,NULL,NULL,NULL,NULL,NULL,NULL,NULL,NULL,'2017-10-27 03:16:13',120,'2014-06-09 17:00:00',NULL,'0000-00-00 00:00:00'),(101,'LW0425','LW0425','Indra Lukmana','indra',NULL,'sendang rejo RT002/001,desa :sinarogan,kec ; tanjung bintang ,lampung selatan','35361','-','+6281297910003','TANGERANG','1990-06-04',1,1,'1801050604900001','2017-06-04','','2012-04-03',1,1,2,'Lukmana60@gmail.com',NULL,34,48,NULL,NULL,1,NULL,NULL,NULL,NULL,NULL,NULL,NULL,NULL,NULL,NULL,'2017-06-09 03:34:47',116,'2014-08-18 02:11:57',NULL,'0000-00-00 00:00:00'),(102,'LW0427','LW0427','Indra Koswara',NULL,NULL,NULL,NULL,NULL,'+6281314305496',NULL,NULL,NULL,NULL,NULL,NULL,NULL,'2012-04-16',1,NULL,NULL,'indrawankomara@gmail,com',NULL,NULL,NULL,NULL,NULL,1,NULL,NULL,NULL,NULL,NULL,NULL,NULL,NULL,NULL,NULL,'2016-11-10 06:32:51',120,'2014-06-08 17:00:00',NULL,'0000-00-00 00:00:00'),(104,'LW0430','LW0430','Humairoh Pratiwi','Umay',NULL,'Jl. Menteng Rawa Jelawe Rt. 06/03 No. 17 Kel Pasar Manggis Kec. Setiabudi Jak-Sel','12970','','+6285778815263','Jakarta','1993-06-13',1,1,'3174025306930004','2016-06-13','97.361.878.8-018.000','2012-10-04',1,1,1,'Pratiwihumairoh@gmail.com',NULL,34,48,NULL,NULL,1,NULL,NULL,NULL,NULL,NULL,NULL,NULL,NULL,NULL,NULL,'2016-09-29 07:51:09',121,'2014-09-04 07:27:05',NULL,'0000-00-00 00:00:00'),(105,'LW0431','LW0431','Rina Ernawati','Rina',NULL,'Jl. Bulak Jaya Rt.015/008 N0.23 Kel. Pulogebang, Kec. Cakung','13950','-','+6285697049518','Sukoharjo','1991-12-17',1,1,'3175065712940001','0000-00-00','34.655.527.9-006.000','2012-10-06',8,1,1,'rina.erna@gmail.com',NULL,35,48,NULL,NULL,1,1,NULL,NULL,NULL,NULL,NULL,NULL,NULL,NULL,NULL,'2017-07-05 09:16:15',122,'2014-08-13 05:02:47',NULL,'0000-00-00 00:00:00'),(107,'LW0434','LW0434','Abdul Rohman Wakhid','Wakhid',NULL,'Begodo, Sumberagung, JAWA TIMUR','62165','','+6289687806777','Bojonegoro','0000-00-00',1,1,'3522012310910002','0000-00-00','','0000-00-00',14,1,7,'',NULL,114,33,NULL,NULL,1,NULL,NULL,NULL,NULL,NULL,NULL,NULL,NULL,NULL,NULL,'2017-07-05 09:16:58',123,'2014-08-13 04:22:40',NULL,'0000-00-00 00:00:00'),(108,'LW0439','LW0439','Arifin Juansyah',NULL,NULL,'',NULL,'','+6281386741173',NULL,NULL,NULL,NULL,NULL,NULL,NULL,'2013-05-16',1,NULL,NULL,'arifinjuansah@gmail.com',NULL,NULL,NULL,NULL,NULL,1,NULL,NULL,NULL,NULL,NULL,NULL,NULL,NULL,NULL,NULL,'2016-11-10 06:32:51',120,'2014-06-08 17:00:00',NULL,'0000-00-00 00:00:00'),(109,'LW0443','LW0443','Adwin Noer Pamungkas',NULL,NULL,'',NULL,'','+6281808101145',NULL,NULL,NULL,NULL,NULL,NULL,NULL,'2013-01-13',5,NULL,NULL,'adwinpamungkas20@gmail.com',NULL,NULL,NULL,NULL,NULL,1,NULL,NULL,NULL,NULL,NULL,NULL,NULL,NULL,NULL,NULL,'2017-07-05 09:17:37',120,'2014-06-08 17:00:00',NULL,'0000-00-00 00:00:00'),(110,'LW0445','LW0445','Trias Hari Fitrianto',NULL,NULL,'',NULL,'','+6282310687085',NULL,NULL,NULL,NULL,NULL,NULL,NULL,'0000-00-00',1,0,0,'',NULL,0,0,NULL,NULL,0,NULL,NULL,NULL,NULL,NULL,NULL,NULL,NULL,NULL,NULL,'2017-06-21 06:49:01',120,'2014-05-14 17:00:00',NULL,'0000-00-00 00:00:00'),(111,'LW0447','LW0447','Apep Irwan',NULL,NULL,'',NULL,'','+6285846805060',NULL,NULL,NULL,NULL,NULL,NULL,NULL,'2013-05-12',8,NULL,NULL,'Ap3pirwan@gmail.com',NULL,NULL,NULL,NULL,NULL,1,NULL,NULL,NULL,NULL,NULL,NULL,NULL,NULL,NULL,NULL,'2017-07-05 09:17:48',120,'2014-06-06 17:00:00',NULL,'0000-00-00 00:00:00'),(112,'LW0448','LW0448','Faisal',NULL,NULL,'',NULL,'','+6287880096920',NULL,NULL,NULL,NULL,NULL,NULL,NULL,'2013-06-02',6,NULL,NULL,'',NULL,NULL,NULL,NULL,NULL,0,NULL,NULL,NULL,NULL,NULL,NULL,NULL,NULL,NULL,NULL,'2017-07-05 09:17:57',120,'2014-05-18 17:00:00',NULL,'0000-00-00 00:00:00'),(113,'LW0450','LW0450','Toto Prasetyo','Toto',NULL,'Taman Alamanda Blok. C1 no 27','17510','','+628128738082','Banyumas','0000-00-00',1,1,'3216052312610003','0000-00-00','88.081.970.1-521.000','2013-06-17',1,1,3,'toto@limawira.com',NULL,35,48,NULL,NULL,1,1,NULL,NULL,NULL,NULL,NULL,NULL,NULL,NULL,NULL,'2018-04-13 03:22:56',136,'2014-08-13 04:52:13',NULL,'0000-00-00 00:00:00'),(114,'LW0455','LW0455','Ahmad Sulthoni',NULL,NULL,'',NULL,'','+628568498006',NULL,NULL,NULL,NULL,NULL,NULL,NULL,'2013-11-26',5,NULL,NULL,'ahmad@limawira.com',NULL,NULL,NULL,NULL,NULL,1,NULL,NULL,NULL,NULL,NULL,NULL,NULL,NULL,NULL,NULL,'2017-07-05 09:18:07',120,'2014-06-08 17:00:00',NULL,'0000-00-00 00:00:00'),(115,'LW0457','LW0457','Nur Asrori',NULL,NULL,NULL,NULL,NULL,'+6282210472849',NULL,'1995-08-12',NULL,NULL,NULL,NULL,NULL,'2013-11-01',5,NULL,NULL,'Royasrori14@gmail.com',NULL,NULL,NULL,NULL,NULL,1,NULL,NULL,NULL,NULL,NULL,NULL,NULL,NULL,NULL,NULL,'2017-07-05 09:18:14',120,'2014-06-08 17:00:00',NULL,'0000-00-00 00:00:00'),(116,'LW0458','LW0458','Ridwan Suseno',NULL,NULL,NULL,NULL,NULL,'+6283893299789',NULL,'1990-05-02',NULL,NULL,NULL,NULL,NULL,'2013-12-04',1,NULL,NULL,'ridwan@limawira.com',NULL,NULL,NULL,NULL,NULL,1,NULL,NULL,NULL,NULL,NULL,NULL,NULL,NULL,NULL,NULL,'2016-11-10 06:32:51',120,'2014-06-08 17:00:00',NULL,'0000-00-00 00:00:00'),(117,'LW0459','LW0459','Puji Lestari',NULL,NULL,NULL,NULL,NULL,'+6285920526659',NULL,'1995-09-28',NULL,NULL,NULL,NULL,NULL,'2014-02-12',1,NULL,NULL,'plestari922@yahoo.com',NULL,NULL,NULL,NULL,NULL,1,NULL,NULL,NULL,NULL,NULL,NULL,NULL,NULL,NULL,NULL,'2016-11-10 06:32:51',120,'2014-06-05 17:00:00',NULL,'0000-00-00 00:00:00'),(118,'LW0460','LW0460','Farah Wira',NULL,NULL,'',NULL,'','+6281271622179',NULL,NULL,NULL,NULL,NULL,NULL,NULL,'2014-04-08',7,NULL,NULL,'Farahartiwp@gmail.com',NULL,NULL,NULL,NULL,NULL,1,NULL,NULL,NULL,NULL,NULL,NULL,NULL,NULL,NULL,NULL,'2017-07-05 09:23:14',120,'2014-06-09 17:00:00',NULL,'0000-00-00 00:00:00'),(119,'LW0491','LW0491','Resti Astianti','Resti',NULL,'Jl. Bukit Duri Tanjakan RT 006/ RW 008 No. 31A Jakarta DKI','12840','08998063773','+628998063773','Purworejo','0000-00-00',1,1,'3174015409910002','0000-00-00','54.801.517.1-015.000','2014-03-03',11,1,1,'resti@limawira.com',NULL,45,NULL,NULL,NULL,1,NULL,NULL,NULL,NULL,NULL,NULL,NULL,NULL,NULL,NULL,'2017-07-05 09:23:34',149,'2014-08-13 08:06:39',NULL,'0000-00-00 00:00:00'),(120,'LW0496','LW0496','Fitri Andriyani Tuminah',NULL,NULL,NULL,NULL,NULL,'+6281213809300',NULL,NULL,NULL,NULL,NULL,NULL,NULL,'2014-05-19',6,NULL,NULL,'Fitrimin@yahoo.com',NULL,NULL,NULL,NULL,NULL,1,NULL,NULL,NULL,NULL,NULL,NULL,NULL,NULL,NULL,NULL,'2017-07-05 09:24:27',120,'2014-06-08 17:00:00',NULL,'0000-00-00 00:00:00'),(121,'LW439','LW439','Subhan',NULL,NULL,NULL,NULL,'+6281229086261','+6281646027264',NULL,NULL,NULL,NULL,NULL,NULL,NULL,'2013-11-15',1,NULL,NULL,'Subhanh150@gmail.com',NULL,NULL,NULL,NULL,NULL,1,NULL,NULL,NULL,NULL,NULL,NULL,NULL,NULL,NULL,NULL,'2016-11-10 06:32:51',120,'2014-06-08 17:00:00',NULL,'0000-00-00 00:00:00'),(128,'LW0014PKL','LW0014','Andy Pratama Putra',NULL,NULL,NULL,NULL,NULL,'+6287880834106',NULL,NULL,1,NULL,NULL,NULL,NULL,'2005-01-24',5,NULL,NULL,'tama.torra@gmail.com',NULL,NULL,NULL,NULL,NULL,1,NULL,NULL,NULL,NULL,NULL,NULL,NULL,NULL,NULL,NULL,'2017-07-12 03:31:09',120,'2014-06-08 17:00:00',NULL,'0000-00-00 00:00:00'),(129,'LW006PKL','LW006P','Febrian Adrianputra',NULL,NULL,NULL,NULL,NULL,'+6287786151419',NULL,'0000-00-00',1,NULL,NULL,NULL,NULL,'2003-12-29',5,NULL,NULL,'rianskeith@gmail.com',NULL,NULL,NULL,NULL,NULL,1,NULL,NULL,NULL,NULL,NULL,NULL,NULL,NULL,NULL,NULL,'2017-07-05 08:54:20',120,'2014-06-08 17:00:00',NULL,'0000-00-00 00:00:00'),(130,'LW440P','LW440P','Iqbal Pienandoro Jati','Iqbal',NULL,'Jl. Lapangan Pors 8 RT10/04 No.17','10650','0214255247','+6281330093870','Jakarta','1998-04-15',1,1,'3171031504980005','0000-00-00','-','0000-00-00',1,1,10,'iqbalpienandorojati@limawira.com',147,147,148,1,NULL,NULL,NULL,NULL,NULL,NULL,NULL,NULL,NULL,NULL,NULL,NULL,'2020-08-25 06:40:53',NULL,'0000-00-00 00:00:00',NULL,'0000-00-00 00:00:00'),(131,'LW0503','LW0503','Seli Oktaviani',NULL,NULL,NULL,NULL,NULL,'+6285695260619',NULL,NULL,NULL,NULL,NULL,NULL,NULL,NULL,1,NULL,NULL,'seli.oktaviani@limawira.com',NULL,NULL,NULL,NULL,NULL,NULL,NULL,NULL,NULL,NULL,NULL,NULL,NULL,NULL,NULL,NULL,'2016-11-10 06:32:51',NULL,'0000-00-00 00:00:00',NULL,'0000-00-00 00:00:00'),(132,'LW0471','LW0471','Firdaus',NULL,NULL,NULL,NULL,NULL,'+6285219232922',NULL,NULL,NULL,NULL,NULL,NULL,NULL,NULL,6,NULL,NULL,'Firdaus.umj@gmail.com',NULL,NULL,NULL,NULL,NULL,NULL,NULL,NULL,NULL,NULL,NULL,NULL,NULL,NULL,NULL,NULL,'2017-07-05 09:23:22',NULL,'0000-00-00 00:00:00',NULL,'0000-00-00 00:00:00'),(133,'LW0497','LW0497','Erwin Triyanto',NULL,NULL,NULL,NULL,NULL,'+6281808767006',NULL,NULL,NULL,NULL,NULL,NULL,NULL,NULL,33,NULL,NULL,'',NULL,NULL,NULL,NULL,NULL,NULL,NULL,NULL,NULL,NULL,NULL,NULL,NULL,NULL,NULL,NULL,'2017-07-05 09:24:35',NULL,'0000-00-00 00:00:00',NULL,'0000-00-00 00:00:00'),(134,'LW0498','LW0498','Ahmad Yusuf',NULL,NULL,NULL,NULL,NULL,'+6285210330408',NULL,NULL,NULL,NULL,NULL,NULL,NULL,NULL,33,NULL,NULL,'Yusupteknologi@gmail.com',NULL,NULL,NULL,NULL,NULL,NULL,NULL,NULL,NULL,NULL,NULL,NULL,NULL,NULL,NULL,NULL,'2017-07-05 09:24:58',NULL,'0000-00-00 00:00:00',NULL,'0000-00-00 00:00:00'),(136,'LW0499','LW0499','Usni Azis',NULL,NULL,NULL,NULL,NULL,'+6289675407688',NULL,NULL,NULL,NULL,NULL,NULL,NULL,NULL,15,NULL,NULL,'Prayogaazis@gmail.com',NULL,NULL,NULL,NULL,NULL,NULL,NULL,NULL,NULL,NULL,NULL,NULL,NULL,NULL,NULL,NULL,'2017-07-05 09:25:33',NULL,'0000-00-00 00:00:00',NULL,'0000-00-00 00:00:00'),(137,'LW0500','LW0500','Elizabeth Sahureka',NULL,NULL,NULL,NULL,NULL,'+6281290361991',NULL,NULL,NULL,NULL,NULL,NULL,NULL,NULL,1,NULL,NULL,'non.tolis@gmail.com',NULL,NULL,NULL,NULL,NULL,NULL,NULL,NULL,NULL,NULL,NULL,NULL,NULL,NULL,NULL,NULL,'2016-11-10 06:32:51',NULL,'0000-00-00 00:00:00',NULL,'0000-00-00 00:00:00'),(138,'LW0505','LW0505','Erik Parahasta',NULL,NULL,NULL,NULL,NULL,'+6283871772110',NULL,NULL,NULL,NULL,NULL,NULL,NULL,NULL,9,NULL,NULL,'3rcparahazta72@gmail.com ',NULL,NULL,NULL,NULL,NULL,NULL,NULL,NULL,NULL,NULL,NULL,NULL,NULL,NULL,NULL,NULL,'2017-07-05 09:27:23',NULL,'0000-00-00 00:00:00',NULL,'0000-00-00 00:00:00'),(139,'LW0506','LW0506','Puspita Nhiemas A.S',NULL,NULL,NULL,NULL,NULL,'+6283806352271',NULL,NULL,NULL,NULL,NULL,NULL,NULL,NULL,9,NULL,NULL,'kinanti94@yahoo.com',NULL,NULL,NULL,NULL,NULL,NULL,NULL,NULL,NULL,NULL,NULL,NULL,NULL,NULL,NULL,NULL,'2017-07-05 09:27:38',NULL,'0000-00-00 00:00:00',NULL,'0000-00-00 00:00:00'),(140,'LW0511','LW0511','Ahmad Somali',NULL,NULL,NULL,NULL,NULL,'081317484609',NULL,NULL,NULL,NULL,NULL,NULL,NULL,NULL,9,NULL,NULL,'ahsomali1994@gmail.com',NULL,NULL,NULL,NULL,NULL,NULL,NULL,NULL,NULL,NULL,NULL,NULL,NULL,NULL,NULL,NULL,'2019-08-16 03:27:19',NULL,'0000-00-00 00:00:00',NULL,'0000-00-00 00:00:00'),(141,'T41384','T41384','Arriyanto Jakaria',NULL,NULL,NULL,NULL,NULL,'+62818857655',NULL,NULL,NULL,NULL,NULL,NULL,NULL,NULL,3,NULL,NULL,'arriyantojakaria@gmail.com',NULL,NULL,NULL,NULL,NULL,NULL,NULL,NULL,NULL,NULL,NULL,NULL,NULL,NULL,NULL,NULL,'2018-04-13 03:22:00',NULL,'0000-00-00 00:00:00',NULL,'0000-00-00 00:00:00'),(142,'T41385','T41385','Demuri',NULL,NULL,NULL,NULL,NULL,'+6281221872624',NULL,NULL,NULL,NULL,NULL,NULL,NULL,NULL,2,NULL,NULL,'deryjac8@gmail.com',NULL,NULL,NULL,NULL,NULL,NULL,NULL,NULL,NULL,NULL,NULL,NULL,NULL,NULL,NULL,NULL,'2017-07-05 09:29:00',NULL,'0000-00-00 00:00:00',NULL,'0000-00-00 00:00:00'),(143,'T41386','T41386','Yusep Ramly',NULL,NULL,NULL,NULL,NULL,'+6287720162277',NULL,NULL,NULL,NULL,NULL,NULL,NULL,NULL,14,NULL,NULL,'Yusepramli@gmail.com ',NULL,NULL,NULL,NULL,NULL,NULL,NULL,NULL,NULL,NULL,NULL,NULL,NULL,NULL,NULL,NULL,'2017-07-12 03:31:26',NULL,'0000-00-00 00:00:00',NULL,'0000-00-00 00:00:00'),(144,'T41387','T41387','Petrus Damianus',NULL,NULL,NULL,NULL,NULL,'082112547868',NULL,NULL,NULL,NULL,NULL,NULL,NULL,NULL,5,NULL,NULL,'loser.kidz13@gmail.com',NULL,NULL,NULL,NULL,NULL,NULL,NULL,NULL,NULL,NULL,NULL,NULL,NULL,NULL,NULL,NULL,'2019-09-20 01:24:29',NULL,'0000-00-00 00:00:00',NULL,'0000-00-00 00:00:00'),(147,'LW0018','LW0018','Danny Dandarama',NULL,NULL,NULL,NULL,NULL,'+6289606835979',NULL,NULL,NULL,NULL,NULL,NULL,NULL,NULL,1,NULL,NULL,'',NULL,NULL,NULL,1,NULL,NULL,1,NULL,1,NULL,NULL,NULL,NULL,NULL,NULL,NULL,'2020-03-20 01:32:48',NULL,'0000-00-00 00:00:00',NULL,'0000-00-00 00:00:00'),(148,'LW0048','LW0048','Hendarto Suryono P.',NULL,NULL,NULL,NULL,NULL,'+628129398875',NULL,NULL,NULL,NULL,NULL,NULL,NULL,NULL,1,NULL,NULL,'',NULL,NULL,NULL,NULL,NULL,NULL,NULL,NULL,1,NULL,1,NULL,NULL,NULL,NULL,NULL,'2019-12-13 09:11:46',NULL,'0000-00-00 00:00:00',NULL,'0000-00-00 00:00:00'),(149,'LW0204','LW0204','Lillian',NULL,NULL,NULL,NULL,NULL,'+6281519000472',NULL,NULL,NULL,NULL,NULL,NULL,NULL,NULL,1,NULL,NULL,'',NULL,NULL,NULL,NULL,NULL,NULL,NULL,NULL,1,NULL,1,NULL,NULL,NULL,NULL,NULL,'2016-12-30 08:08:24',NULL,'0000-00-00 00:00:00',NULL,'0000-00-00 00:00:00'),(150,'SAP9999','SAP999','Sugih Arti Nickita Sari','Sari',NULL,NULL,NULL,NULL,'+6287888737372',NULL,NULL,NULL,NULL,NULL,NULL,NULL,NULL,99,NULL,NULL,NULL,NULL,NULL,NULL,NULL,NULL,NULL,NULL,NULL,NULL,NULL,NULL,NULL,NULL,NULL,NULL,NULL,'2016-11-10 01:44:33',NULL,'0000-00-00 00:00:00',NULL,'0000-00-00 00:00:00'),(151,'SAP001','SAP001','IA HANDARIYAH','Ia',NULL,NULL,NULL,NULL,'+628128457333',NULL,NULL,NULL,NULL,NULL,NULL,NULL,NULL,1,NULL,NULL,'',NULL,NULL,NULL,NULL,NULL,NULL,NULL,NULL,NULL,NULL,NULL,NULL,NULL,NULL,NULL,NULL,'2017-07-10 01:31:29',NULL,'0000-00-00 00:00:00',NULL,'0000-00-00 00:00:00'),(152,'SAP002','SAP002','ANDY FEBRI NUGROHO','Andi',NULL,NULL,NULL,NULL,'+6281905407224',NULL,NULL,NULL,NULL,NULL,NULL,NULL,NULL,1,NULL,NULL,'',NULL,NULL,NULL,NULL,NULL,NULL,NULL,NULL,NULL,NULL,NULL,NULL,NULL,NULL,NULL,NULL,'2016-12-06 02:16:21',NULL,'0000-00-00 00:00:00',NULL,'0000-00-00 00:00:00'),(153,'SAP003','SAP003','ROHMAT','Rohmat',NULL,NULL,NULL,NULL,'+6281310742198',NULL,NULL,NULL,NULL,NULL,NULL,NULL,NULL,22,NULL,NULL,'',NULL,NULL,NULL,NULL,NULL,NULL,NULL,NULL,NULL,NULL,NULL,NULL,NULL,NULL,NULL,NULL,'2017-07-05 09:29:49',NULL,'0000-00-00 00:00:00',NULL,'0000-00-00 00:00:00'),(154,'LW9999','LW9999','Ganesha Rama','echa',NULL,NULL,NULL,NULL,'+6282218882815',NULL,NULL,NULL,NULL,NULL,NULL,NULL,NULL,1,NULL,NULL,'',NULL,NULL,NULL,NULL,NULL,NULL,NULL,NULL,NULL,NULL,NULL,NULL,NULL,NULL,NULL,NULL,'2017-09-11 03:21:31',NULL,'0000-00-00 00:00:00',NULL,'0000-00-00 00:00:00'),(155,'LW0097','LW0097','Maryani Susanto',NULL,NULL,NULL,NULL,NULL,'+628161802724',NULL,NULL,NULL,NULL,NULL,NULL,NULL,NULL,1,NULL,NULL,'yanni.susanto@gmail.com',NULL,NULL,NULL,NULL,NULL,NULL,NULL,NULL,1,NULL,NULL,NULL,NULL,NULL,NULL,NULL,'2017-07-05 09:33:11',NULL,'0000-00-00 00:00:00',NULL,'0000-00-00 00:00:00'),(157,'LW0064','LW0064','P. Wongga',NULL,NULL,NULL,NULL,NULL,'+62816900130',NULL,NULL,NULL,NULL,NULL,NULL,NULL,NULL,22,NULL,NULL,'',NULL,NULL,NULL,NULL,NULL,NULL,NULL,NULL,NULL,NULL,NULL,NULL,NULL,NULL,NULL,NULL,'2017-07-05 09:30:53',NULL,'0000-00-00 00:00:00',NULL,'0000-00-00 00:00:00'),(158,'LW0043','LW0043','Hadi Noverdi',NULL,NULL,NULL,NULL,NULL,'+6281310100521',NULL,NULL,NULL,NULL,NULL,NULL,NULL,NULL,8,NULL,NULL,'',NULL,NULL,NULL,NULL,NULL,NULL,NULL,NULL,NULL,NULL,NULL,NULL,NULL,NULL,NULL,NULL,'2017-07-05 08:53:34',NULL,'0000-00-00 00:00:00',NULL,'0000-00-00 00:00:00'),(159,'LW0516','LW0516','Dzulfiqar Muhamad Wahab',NULL,NULL,NULL,NULL,NULL,'+6285221872778',NULL,NULL,NULL,NULL,NULL,NULL,NULL,NULL,9,NULL,NULL,'',NULL,NULL,NULL,NULL,NULL,NULL,NULL,NULL,NULL,NULL,NULL,NULL,NULL,NULL,NULL,NULL,'2017-07-05 09:28:33',NULL,'0000-00-00 00:00:00',NULL,'0000-00-00 00:00:00'),(160,'LW0251','LW0251','Roy Mart Andrian',NULL,NULL,NULL,NULL,NULL,'+6281210691974',NULL,NULL,NULL,NULL,NULL,NULL,NULL,NULL,1,NULL,NULL,'',NULL,NULL,NULL,NULL,NULL,NULL,NULL,NULL,NULL,NULL,NULL,NULL,1,NULL,NULL,NULL,'2017-07-13 06:39:36',NULL,'0000-00-00 00:00:00',NULL,'0000-00-00 00:00:00'),(161,'LW0515','LW0515','Eduardus Jacobus Foltfind',NULL,NULL,NULL,NULL,NULL,'+6281289827240',NULL,NULL,NULL,NULL,NULL,NULL,NULL,NULL,NULL,NULL,NULL,'',NULL,NULL,NULL,NULL,NULL,NULL,NULL,NULL,NULL,NULL,NULL,NULL,NULL,NULL,NULL,NULL,'2017-06-29 02:34:03',NULL,'0000-00-00 00:00:00',NULL,'0000-00-00 00:00:00'),(162,'LW0517','LW0517','Muchamad Zulfikar',NULL,NULL,NULL,NULL,NULL,'+6285813864001',NULL,NULL,NULL,NULL,NULL,NULL,NULL,NULL,0,NULL,NULL,'',NULL,NULL,NULL,NULL,NULL,NULL,NULL,NULL,NULL,NULL,NULL,NULL,NULL,NULL,NULL,NULL,'2017-07-11 02:20:57',NULL,'0000-00-00 00:00:00',NULL,'0000-00-00 00:00:00'),(163,'LW0015','LW0015','Legian to',NULL,NULL,NULL,NULL,NULL,'+62818825886',NULL,NULL,NULL,NULL,NULL,NULL,NULL,NULL,1,NULL,NULL,'',NULL,NULL,NULL,NULL,NULL,NULL,NULL,NULL,NULL,NULL,NULL,NULL,1,NULL,NULL,NULL,'2017-07-13 07:36:59',NULL,'0000-00-00 00:00:00',NULL,'0000-00-00 00:00:00'),(164,'LW0187','LW0187','Awan yanuanto',NULL,NULL,NULL,NULL,NULL,'+62818999207',NULL,NULL,NULL,NULL,NULL,NULL,NULL,NULL,1,NULL,NULL,'',NULL,NULL,NULL,NULL,NULL,NULL,NULL,NULL,NULL,NULL,NULL,NULL,1,NULL,NULL,NULL,'2017-07-13 07:30:39',NULL,'0000-00-00 00:00:00',NULL,'0000-00-00 00:00:00'),(165,'LW0157','LW0157','Yulianto',NULL,NULL,NULL,NULL,NULL,'+6281314482575',NULL,NULL,NULL,NULL,NULL,NULL,NULL,NULL,1,NULL,NULL,'',NULL,NULL,NULL,NULL,NULL,NULL,NULL,NULL,NULL,NULL,NULL,NULL,1,NULL,NULL,NULL,'2017-07-13 07:42:54',NULL,'0000-00-00 00:00:00',NULL,'0000-00-00 00:00:00'),(166,'LW0083','LW0083','Khusnul Arifin',NULL,NULL,NULL,NULL,NULL,'+62816907760',NULL,NULL,NULL,NULL,NULL,NULL,NULL,NULL,1,NULL,NULL,'',NULL,NULL,NULL,NULL,NULL,NULL,NULL,NULL,NULL,NULL,NULL,NULL,1,NULL,NULL,NULL,'2017-07-13 07:44:44',NULL,'0000-00-00 00:00:00',NULL,'0000-00-00 00:00:00'),(167,'LW0155','LW0155','Yana muhdiana',NULL,NULL,NULL,NULL,NULL,'+6282130119017',NULL,NULL,NULL,NULL,NULL,NULL,NULL,NULL,1,NULL,NULL,'',NULL,NULL,NULL,NULL,NULL,NULL,NULL,NULL,NULL,NULL,NULL,NULL,1,NULL,NULL,NULL,'2017-07-13 07:45:46',NULL,'0000-00-00 00:00:00',NULL,'0000-00-00 00:00:00'),(168,'LW0212','LW0212','Andi rahardiawan',NULL,NULL,NULL,NULL,NULL,'+628129961110',NULL,NULL,NULL,NULL,NULL,NULL,NULL,NULL,1,NULL,NULL,'',NULL,NULL,NULL,NULL,NULL,NULL,NULL,NULL,NULL,NULL,NULL,NULL,1,NULL,NULL,NULL,'2017-07-13 07:49:03',NULL,'0000-00-00 00:00:00',NULL,'0000-00-00 00:00:00'),(169,'LW0189','LW0189','Budi',NULL,NULL,NULL,NULL,NULL,'+6282114095181',NULL,NULL,NULL,NULL,NULL,NULL,NULL,NULL,1,NULL,NULL,'',NULL,NULL,NULL,NULL,NULL,NULL,NULL,NULL,NULL,NULL,NULL,NULL,1,NULL,NULL,NULL,'2017-07-13 07:50:24',NULL,'0000-00-00 00:00:00',NULL,'0000-00-00 00:00:00'),(170,'T41392','T41392','Hary tutuarima',NULL,NULL,NULL,NULL,NULL,'+6281573588859',NULL,NULL,NULL,NULL,NULL,NULL,NULL,NULL,1,NULL,NULL,'',NULL,NULL,NULL,NULL,NULL,NULL,NULL,NULL,NULL,NULL,NULL,NULL,1,NULL,NULL,NULL,'2017-07-13 07:39:26',NULL,'0000-00-00 00:00:00',NULL,'0000-00-00 00:00:00'),(171,'LW0518','LW0518','Rahmat',NULL,NULL,NULL,NULL,NULL,'082390188049',NULL,NULL,NULL,NULL,NULL,NULL,NULL,NULL,1,NULL,NULL,'',NULL,NULL,NULL,NULL,NULL,NULL,NULL,NULL,NULL,NULL,NULL,NULL,NULL,NULL,NULL,NULL,'2017-08-15 07:54:07',NULL,'0000-00-00 00:00:00',NULL,'0000-00-00 00:00:00'),(172,'LW0520','LW0520','Muhamad Rizky','Rizky',NULL,'Jl. Dewi Sartika No. 8 RT 007/ RW 008, Margahayu, Bekasi Timur','17113','081289249793','082210932776','Jakarta','1998-10-13',1,1,'','0000-00-00','','0000-00-00',6,0,1,'',NULL,0,0,NULL,NULL,NULL,NULL,NULL,NULL,NULL,NULL,NULL,NULL,NULL,NULL,NULL,'2019-12-05 02:03:16',NULL,'0000-00-00 00:00:00',NULL,'0000-00-00 00:00:00'),(173,'LW0521','LW0521','Aditya anas hamdani p',NULL,NULL,NULL,NULL,NULL,'087775261796',NULL,NULL,NULL,NULL,NULL,NULL,NULL,NULL,1,NULL,NULL,'',NULL,NULL,NULL,NULL,NULL,NULL,NULL,NULL,NULL,NULL,NULL,NULL,NULL,NULL,NULL,NULL,'2017-08-30 02:19:44',NULL,'0000-00-00 00:00:00',NULL,'0000-00-00 00:00:00'),(174,'LW0523','LW0523','Muh.Sandi Pratama',NULL,NULL,NULL,NULL,NULL,'082297119818',NULL,NULL,NULL,NULL,NULL,NULL,NULL,NULL,6,NULL,NULL,'',NULL,NULL,NULL,NULL,NULL,NULL,NULL,NULL,NULL,NULL,NULL,NULL,NULL,NULL,NULL,NULL,'2017-08-30 02:20:35',NULL,'0000-00-00 00:00:00',NULL,'0000-00-00 00:00:00'),(175,'LW0524','LW0524','Hafidz al fachridzi',NULL,NULL,NULL,NULL,NULL,'085718578758',NULL,NULL,NULL,NULL,NULL,NULL,NULL,NULL,6,NULL,NULL,'',NULL,NULL,NULL,NULL,NULL,NULL,NULL,NULL,NULL,NULL,NULL,NULL,NULL,NULL,NULL,NULL,'2017-08-30 02:18:25',NULL,'0000-00-00 00:00:00',NULL,'0000-00-00 00:00:00'),(176,'LW0526','LW0526','Aziz Athollah',NULL,NULL,NULL,NULL,NULL,'085779454508',NULL,NULL,NULL,NULL,NULL,NULL,NULL,NULL,1,NULL,NULL,'',NULL,NULL,NULL,NULL,NULL,NULL,NULL,NULL,NULL,NULL,NULL,NULL,NULL,NULL,NULL,NULL,'2017-08-30 02:17:31',NULL,'0000-00-00 00:00:00',NULL,'0000-00-00 00:00:00'),(177,'LW8888','LW8888','Rama Royani',NULL,NULL,NULL,NULL,'+62816910863','+62816910863',NULL,NULL,NULL,NULL,NULL,NULL,NULL,NULL,1,NULL,NULL,NULL,NULL,NULL,NULL,NULL,NULL,NULL,NULL,NULL,NULL,NULL,NULL,NULL,NULL,NULL,NULL,NULL,'2017-09-11 03:26:38',NULL,'0000-00-00 00:00:00',NULL,'0000-00-00 00:00:00'),(178,'LW0527','LW0527','Jennifer Brenda',NULL,NULL,NULL,NULL,NULL,'+6281289067813',NULL,NULL,NULL,NULL,NULL,NULL,NULL,NULL,5,NULL,NULL,'',NULL,NULL,NULL,NULL,NULL,NULL,NULL,NULL,NULL,NULL,NULL,NULL,NULL,NULL,NULL,NULL,'2017-09-20 06:59:07',NULL,'0000-00-00 00:00:00',NULL,'0000-00-00 00:00:00'),(179,'LW0529','LW0529','Abbas Mustafa',NULL,NULL,NULL,NULL,NULL,'087769344016',NULL,NULL,NULL,NULL,NULL,NULL,NULL,NULL,1,NULL,NULL,'',NULL,NULL,NULL,NULL,NULL,NULL,NULL,NULL,NULL,NULL,NULL,NULL,NULL,NULL,NULL,NULL,'2017-10-11 06:37:27',NULL,'0000-00-00 00:00:00',NULL,'0000-00-00 00:00:00'),(180,'SAP121','SAP121','Rizqi Ahmad Al Jabar',NULL,NULL,NULL,NULL,NULL,'085810488749',NULL,NULL,NULL,NULL,NULL,NULL,NULL,NULL,1,NULL,NULL,'',NULL,NULL,NULL,NULL,NULL,NULL,NULL,NULL,NULL,NULL,NULL,NULL,NULL,NULL,NULL,NULL,'2017-10-12 03:41:55',NULL,'0000-00-00 00:00:00',NULL,'0000-00-00 00:00:00'),(181,'LW0530','LW0530','Maulida Hayatun Nupus',NULL,NULL,NULL,NULL,NULL,'081282501123',NULL,NULL,NULL,NULL,NULL,NULL,NULL,NULL,1,NULL,NULL,'',NULL,NULL,NULL,NULL,NULL,NULL,NULL,NULL,NULL,NULL,NULL,NULL,NULL,NULL,NULL,NULL,'2017-11-17 07:26:31',NULL,'0000-00-00 00:00:00',NULL,'0000-00-00 00:00:00'),(182,'LW0532','LW0532','Naufall Nugraha',NULL,NULL,NULL,NULL,NULL,'082297431437',NULL,NULL,NULL,NULL,NULL,NULL,NULL,NULL,1,NULL,NULL,'',NULL,NULL,NULL,NULL,NULL,NULL,NULL,NULL,NULL,NULL,NULL,NULL,NULL,NULL,NULL,NULL,'2017-10-17 09:24:59',NULL,'0000-00-00 00:00:00',NULL,'0000-00-00 00:00:00'),(183,'LW0531','LW0531','Mubasirin',NULL,NULL,NULL,NULL,NULL,'085719590004',NULL,NULL,NULL,NULL,NULL,NULL,NULL,NULL,1,NULL,NULL,'',NULL,NULL,NULL,NULL,NULL,NULL,NULL,NULL,NULL,NULL,NULL,NULL,NULL,NULL,NULL,NULL,'2017-10-18 02:04:09',NULL,'0000-00-00 00:00:00',NULL,'0000-00-00 00:00:00'),(184,'LW0534','LW0534','Abdul Khoir',NULL,NULL,NULL,NULL,NULL,'085842327659',NULL,NULL,NULL,NULL,NULL,NULL,NULL,NULL,1,NULL,NULL,'',NULL,NULL,NULL,NULL,NULL,NULL,NULL,NULL,NULL,NULL,NULL,NULL,NULL,NULL,NULL,NULL,'2018-01-16 09:50:55',NULL,'0000-00-00 00:00:00',NULL,'0000-00-00 00:00:00'),(185,'LW0537','LW0537','Novian Tri Utomo',NULL,NULL,NULL,NULL,NULL,'081311148861',NULL,NULL,NULL,NULL,NULL,NULL,NULL,NULL,2,NULL,NULL,'',NULL,NULL,NULL,NULL,NULL,NULL,NULL,NULL,NULL,NULL,NULL,NULL,NULL,NULL,NULL,NULL,'2018-04-13 03:10:37',NULL,'0000-00-00 00:00:00',NULL,'0000-00-00 00:00:00'),(186,'LW0538','LW0538','Anugrah Ramadhany',NULL,NULL,NULL,NULL,NULL,'085691262979',NULL,NULL,NULL,NULL,NULL,NULL,NULL,NULL,2,NULL,NULL,'',NULL,NULL,NULL,NULL,NULL,NULL,NULL,NULL,NULL,NULL,NULL,NULL,NULL,NULL,NULL,NULL,'2018-04-13 03:12:46',NULL,'0000-00-00 00:00:00',NULL,'0000-00-00 00:00:00'),(187,'LW0539','LW0539','Ilham Lafiandi',NULL,NULL,NULL,NULL,NULL,'081298042551',NULL,NULL,NULL,NULL,NULL,NULL,NULL,NULL,2,NULL,NULL,NULL,NULL,NULL,NULL,NULL,NULL,NULL,NULL,NULL,NULL,NULL,NULL,NULL,NULL,NULL,NULL,NULL,'2018-03-27 05:02:53',NULL,'0000-00-00 00:00:00',NULL,'0000-00-00 00:00:00'),(188,'LW0540','LW0540','Teguh Permadi',NULL,NULL,NULL,NULL,NULL,'089523225363',NULL,NULL,NULL,NULL,NULL,NULL,NULL,NULL,2,NULL,NULL,NULL,NULL,NULL,NULL,NULL,NULL,NULL,NULL,NULL,NULL,NULL,NULL,NULL,NULL,NULL,NULL,NULL,'2018-03-27 05:48:55',NULL,'0000-00-00 00:00:00',NULL,'0000-00-00 00:00:00'),(189,'LW0541','LW0541','Diki Permana',NULL,NULL,NULL,NULL,NULL,'089637378929',NULL,NULL,NULL,NULL,NULL,NULL,NULL,NULL,2,NULL,NULL,'',NULL,NULL,NULL,NULL,NULL,NULL,NULL,NULL,NULL,NULL,NULL,NULL,NULL,NULL,NULL,NULL,'2018-04-13 03:30:28',NULL,'0000-00-00 00:00:00',NULL,'0000-00-00 00:00:00'),(190,'LW0542','LW0542','Aris',NULL,NULL,NULL,NULL,NULL,'081298042551',NULL,NULL,NULL,NULL,NULL,NULL,NULL,NULL,2,NULL,NULL,NULL,NULL,NULL,NULL,NULL,NULL,NULL,NULL,NULL,NULL,NULL,NULL,NULL,NULL,NULL,NULL,NULL,'2018-03-27 05:49:58',NULL,'0000-00-00 00:00:00',NULL,'0000-00-00 00:00:00'),(191,'LW0543','LW0543','Catur Ilham Prasetya',NULL,NULL,NULL,NULL,NULL,'089522210669',NULL,NULL,NULL,NULL,NULL,NULL,NULL,NULL,1,NULL,NULL,NULL,NULL,NULL,NULL,NULL,NULL,NULL,NULL,NULL,NULL,NULL,NULL,NULL,NULL,NULL,NULL,NULL,'2018-03-29 04:46:10',NULL,'0000-00-00 00:00:00',NULL,'0000-00-00 00:00:00'),(192,'LW0124','LW0124','Suryana',NULL,NULL,NULL,NULL,NULL,'085691994770',NULL,NULL,NULL,NULL,NULL,NULL,NULL,NULL,2,NULL,NULL,'',NULL,NULL,NULL,NULL,NULL,NULL,NULL,NULL,NULL,NULL,NULL,NULL,NULL,NULL,NULL,NULL,'2018-05-18 06:44:27',NULL,'0000-00-00 00:00:00',NULL,'0000-00-00 00:00:00'),(193,'LW0544','LW0544','Nurul Anwar Fathoni',NULL,NULL,NULL,NULL,NULL,'085710856812',NULL,NULL,NULL,NULL,NULL,NULL,NULL,NULL,5,NULL,NULL,'',NULL,NULL,NULL,NULL,NULL,NULL,NULL,NULL,NULL,NULL,NULL,NULL,NULL,NULL,NULL,NULL,'2018-05-28 07:57:36',NULL,'0000-00-00 00:00:00',NULL,'0000-00-00 00:00:00'),(194,'LW078PKL','LW078P','Ardan Firmansyah',NULL,NULL,NULL,NULL,NULL,'0895392785812',NULL,NULL,NULL,NULL,NULL,NULL,NULL,NULL,6,NULL,NULL,'',NULL,NULL,NULL,NULL,NULL,NULL,NULL,NULL,NULL,NULL,NULL,NULL,NULL,NULL,NULL,NULL,'2018-07-05 07:44:00',NULL,'0000-00-00 00:00:00',NULL,'0000-00-00 00:00:00'),(195,'LW080PKL','LW080P','Ivanka Febriansyah',NULL,NULL,NULL,NULL,NULL,'081311391684',NULL,NULL,NULL,NULL,NULL,NULL,NULL,NULL,6,NULL,NULL,'',NULL,NULL,NULL,NULL,NULL,NULL,NULL,NULL,NULL,NULL,NULL,NULL,NULL,NULL,NULL,NULL,'2018-06-28 06:33:41',NULL,'0000-00-00 00:00:00',NULL,'0000-00-00 00:00:00'),(196,'LW079PKL','LW079P','Arya Chandra Purnama',NULL,NULL,NULL,NULL,NULL,'081210481462',NULL,NULL,NULL,NULL,NULL,NULL,NULL,NULL,6,NULL,NULL,'',NULL,NULL,NULL,NULL,NULL,NULL,NULL,NULL,NULL,NULL,NULL,NULL,NULL,NULL,NULL,NULL,'2018-06-28 06:33:07',NULL,'0000-00-00 00:00:00',NULL,'0000-00-00 00:00:00'),(197,'LW0545','LW0545','Apep Jujun Junandi',NULL,NULL,NULL,NULL,NULL,'085697259016',NULL,NULL,NULL,NULL,NULL,NULL,NULL,NULL,1,NULL,NULL,NULL,NULL,NULL,NULL,NULL,NULL,NULL,NULL,NULL,NULL,NULL,NULL,NULL,NULL,NULL,NULL,NULL,'2018-07-18 04:30:03',NULL,'0000-00-00 00:00:00',NULL,'0000-00-00 00:00:00'),(198,'LW0547','LW0547','Sukma Firdaus',NULL,NULL,NULL,NULL,NULL,'082225958686',NULL,NULL,NULL,NULL,NULL,NULL,NULL,NULL,1,NULL,NULL,NULL,NULL,NULL,NULL,NULL,NULL,NULL,NULL,NULL,NULL,NULL,NULL,NULL,NULL,NULL,NULL,NULL,'2018-07-16 10:02:32',NULL,'0000-00-00 00:00:00',NULL,'0000-00-00 00:00:00'),(199,'LW0548','LW0548','Muhammad Sidik',NULL,NULL,NULL,NULL,NULL,'085730826910',NULL,NULL,NULL,NULL,NULL,NULL,NULL,NULL,1,NULL,NULL,'',NULL,NULL,NULL,NULL,NULL,NULL,NULL,NULL,NULL,NULL,NULL,NULL,NULL,NULL,NULL,NULL,'2018-07-18 04:40:35',NULL,'0000-00-00 00:00:00',NULL,'0000-00-00 00:00:00'),(200,'LW081PKL','LW081P','M. Farras Reyhan Wahyu',NULL,NULL,NULL,NULL,NULL,'081295973316',NULL,NULL,NULL,NULL,NULL,NULL,NULL,NULL,1,NULL,NULL,'',NULL,NULL,NULL,NULL,NULL,NULL,NULL,NULL,NULL,NULL,NULL,NULL,NULL,NULL,NULL,NULL,'2018-07-18 04:39:17',NULL,'0000-00-00 00:00:00',NULL,'0000-00-00 00:00:00'),(201,'LW082PKL','LW082P','Dhini Merliani',NULL,NULL,NULL,NULL,NULL,'0895374664563',NULL,NULL,NULL,NULL,NULL,NULL,NULL,NULL,1,NULL,NULL,'',NULL,NULL,NULL,NULL,NULL,NULL,NULL,NULL,NULL,NULL,NULL,NULL,NULL,NULL,NULL,NULL,'2018-07-18 04:39:45',NULL,'0000-00-00 00:00:00',NULL,'0000-00-00 00:00:00'),(202,'LW083PKL','LW083P','Silva Eka Sari',NULL,NULL,NULL,NULL,NULL,'085889831724',NULL,NULL,NULL,NULL,NULL,NULL,NULL,NULL,1,NULL,NULL,'',NULL,NULL,NULL,NULL,NULL,NULL,NULL,NULL,NULL,NULL,NULL,NULL,NULL,NULL,NULL,NULL,'2018-07-18 04:40:06',NULL,'0000-00-00 00:00:00',NULL,'0000-00-00 00:00:00'),(203,'LW0546','LW0546','Mulyana',NULL,NULL,NULL,NULL,NULL,'085218363929',NULL,NULL,NULL,NULL,NULL,NULL,NULL,NULL,2,NULL,NULL,'',NULL,NULL,NULL,NULL,NULL,NULL,NULL,NULL,NULL,NULL,NULL,NULL,NULL,NULL,NULL,NULL,'2018-07-19 03:33:33',NULL,'0000-00-00 00:00:00',NULL,'0000-00-00 00:00:00'),(204,'LW0549','LW0549','Muhammad Assegaf Raja Kus',NULL,NULL,NULL,NULL,NULL,'085795310733',NULL,NULL,NULL,NULL,NULL,NULL,NULL,NULL,9,NULL,NULL,'',NULL,NULL,NULL,NULL,NULL,NULL,NULL,NULL,NULL,NULL,NULL,NULL,NULL,NULL,NULL,NULL,'2018-10-04 02:00:29',NULL,'0000-00-00 00:00:00',NULL,'0000-00-00 00:00:00'),(205,'LW0552','LW0552','Adi Hartono','Adi',NULL,'kp. paninggilan rt 001/008 no 73 kelurahan larangan selatan, kecamatan larangan, kota tangerang, banten.','15154','','081807800094','Tangerang','0000-00-00',1,1,'','0000-00-00','',NULL,1,NULL,NULL,NULL,NULL,NULL,NULL,1,NULL,NULL,NULL,NULL,NULL,NULL,NULL,NULL,NULL,NULL,NULL,NULL,'2019-01-08 09:39:15',NULL,'0000-00-00 00:00:00',NULL,'0000-00-00 00:00:00'),(206,'LW0556','LW0556','Siswoyo',NULL,NULL,NULL,NULL,NULL,'08811108980',NULL,NULL,NULL,NULL,NULL,NULL,NULL,NULL,1,NULL,NULL,'',NULL,NULL,NULL,NULL,NULL,NULL,NULL,NULL,NULL,NULL,NULL,NULL,NULL,NULL,NULL,NULL,'2019-09-11 01:30:50',NULL,'0000-00-00 00:00:00',NULL,'0000-00-00 00:00:00'),(207,'LW0557','LW0557','Jajat Sudrajat',NULL,NULL,NULL,NULL,NULL,'08559887558',NULL,NULL,NULL,NULL,NULL,NULL,NULL,NULL,1,NULL,NULL,'',NULL,NULL,NULL,NULL,NULL,NULL,NULL,NULL,NULL,NULL,NULL,NULL,NULL,NULL,NULL,NULL,'2020-02-24 03:02:54',NULL,'0000-00-00 00:00:00',NULL,'0000-00-00 00:00:00');
/*!40000 ALTER TABLE `mstEmployees` ENABLE KEYS */;
UNLOCK TABLES;

--
-- Table structure for table `purchaseOrders`
--

DROP TABLE IF EXISTS `purchaseOrders`;
/*!40101 SET @saved_cs_client     = @@character_set_client */;
/*!40101 SET character_set_client = utf8 */;
CREATE TABLE `purchaseOrders` (
  `id` int(11) NOT NULL AUTO_INCREMENT,
  `companyID` tinyint(4) DEFAULT NULL,
  `purchaseOrderNumber` varchar(25) DEFAULT NULL,
  `purchaseOrderDate` date DEFAULT NULL,
  `supplierName` varchar(150) DEFAULT NULL,
  `note` varchar(2000) DEFAULT NULL,
  PRIMARY KEY (`id`)
) ENGINE=InnoDB AUTO_INCREMENT=20 DEFAULT CHARSET=latin1;
/*!40101 SET character_set_client = @saved_cs_client */;

--
-- Dumping data for table `purchaseOrders`
--

LOCK TABLES `purchaseOrders` WRITE;
/*!40000 ALTER TABLE `purchaseOrders` DISABLE KEYS */;
INSERT INTO `purchaseOrders` VALUES (19,1,'TEST','2020-10-27','TEST','TEST');
/*!40000 ALTER TABLE `purchaseOrders` ENABLE KEYS */;
UNLOCK TABLES;

--
-- Table structure for table `sysGroupMembers`
--

DROP TABLE IF EXISTS `sysGroupMembers`;
/*!40101 SET @saved_cs_client     = @@character_set_client */;
/*!40101 SET character_set_client = utf8 */;
CREATE TABLE `sysGroupMembers` (
  `id` smallint(6) NOT NULL AUTO_INCREMENT,
  `groupID` tinyint(4) DEFAULT NULL,
  `userID` smallint(6) DEFAULT NULL,
  PRIMARY KEY (`id`)
) ENGINE=InnoDB AUTO_INCREMENT=10 DEFAULT CHARSET=latin1;
/*!40101 SET character_set_client = @saved_cs_client */;

--
-- Dumping data for table `sysGroupMembers`
--

LOCK TABLES `sysGroupMembers` WRITE;
/*!40000 ALTER TABLE `sysGroupMembers` DISABLE KEYS */;
INSERT INTO `sysGroupMembers` VALUES (1,1,1),(2,1,84),(3,1,96),(4,1,97),(5,1,119),(6,1,133),(8,7,120),(9,1,144);
/*!40000 ALTER TABLE `sysGroupMembers` ENABLE KEYS */;
UNLOCK TABLES;

--
-- Table structure for table `sysGroups`
--

DROP TABLE IF EXISTS `sysGroups`;
/*!40101 SET @saved_cs_client     = @@character_set_client */;
/*!40101 SET character_set_client = utf8 */;
CREATE TABLE `sysGroups` (
  `id` tinyint(4) NOT NULL AUTO_INCREMENT,
  `groupName` varchar(30) DEFAULT NULL,
  PRIMARY KEY (`id`)
) ENGINE=InnoDB AUTO_INCREMENT=8 DEFAULT CHARSET=latin1;
/*!40101 SET character_set_client = @saved_cs_client */;

--
-- Dumping data for table `sysGroups`
--

LOCK TABLES `sysGroups` WRITE;
/*!40000 ALTER TABLE `sysGroups` DISABLE KEYS */;
INSERT INTO `sysGroups` VALUES (1,'EDP'),(2,'HR&GA'),(3,'SSE'),(4,'Project'),(5,'Servis'),(6,'Sales'),(7,'Resepsionis');
/*!40000 ALTER TABLE `sysGroups` ENABLE KEYS */;
UNLOCK TABLES;

--
-- Table structure for table `sysMenus`
--

DROP TABLE IF EXISTS `sysMenus`;
/*!40101 SET @saved_cs_client     = @@character_set_client */;
/*!40101 SET character_set_client = utf8 */;
CREATE TABLE `sysMenus` (
  `id` tinyint(4) NOT NULL AUTO_INCREMENT,
  `menuCaption` varchar(35) DEFAULT NULL,
  `shortCaption` varchar(20) DEFAULT NULL,
  `controllerName` varchar(25) DEFAULT NULL,
  `menuLevel` tinyint(4) DEFAULT NULL,
  `menuTree` varchar(4) DEFAULT NULL,
  `menuIcon` varchar(30) DEFAULT NULL,
  PRIMARY KEY (`id`)
) ENGINE=InnoDB AUTO_INCREMENT=34 DEFAULT CHARSET=latin1;
/*!40101 SET character_set_client = @saved_cs_client */;

--
-- Dumping data for table `sysMenus`
--

LOCK TABLES `sysMenus` WRITE;
/*!40000 ALTER TABLE `sysMenus` DISABLE KEYS */;
INSERT INTO `sysMenus` VALUES (1,'Home','Home','home',1,'01','fa-home'),(3,'Passport','Passport','passport',1,'02','fa-user'),(4,'Human Resource Department','HRD','0',1,'03','fa-users'),(5,'Recruitmet','Recruitmet','recruitmentEmployee',2,'0301','fa-user-plus'),(6,'Employee','Employee','employee',2,'0302','fa-user'),(7,'Absent','Absent','absent',2,'0303','fa-book'),(8,'Paid Leave','Paid Leave','paidLeave',2,'0304','fa-plane'),(9,'Sallary','Sallary','sallary',2,'0305','fa-money'),(10,'Payment','Payment','payment',2,'0306','fa-credit-card'),(11,'Inventory','Inventory','inventory',2,'0307','fa-archive'),(12,'Warehouse','Warehouse','0',1,'04','fa-archive'),(13,'References','References','warehouseReferences',2,'0401','fa-slack'),(14,'Part Numbers','Part Numbers','warehousePartNumbers',2,'0402','fa-barcode'),(15,'Stocks','Stocks','warehouseStock',2,'0403','fa-circle-o-notch'),(16,'Monitoring','Monitoring','warehouseMonitoring',2,'0404','fa-desktop'),(17,'Stock Opname','Stock Opname','warehouseStockOpname',2,'0405','fa-cogs'),(18,'Receives','Receives','warehouseReceives',2,'0406','fa-caret-right'),(19,'Outgoings','Outgoings','warehouseOutgoings',2,'0407','fa-caret-left'),(20,'Reports','Reports','warehouseReports',2,'0408','fa-file-text-o'),(21,'Reserves','Reserves','warehouseReserves',2,'0409','fa-paste'),(22,'Movings','Movings','warehouseMovings',2,'0410','fa-puzzle-piece'),(23,'Trade In','Trade In','warehouseTradeIn',2,'0411','fa-tag'),(24,'Trace','Trace','warehouseTrace',2,'0412','fa-map-marker'),(25,'NTTS','NTTS','warehouseNTTS',2,'0413','fa-file-text'),(26,'Marketing Support','Marketing Support','0',1,'05','fa-university'),(27,'Purchase Order','Purchase Order','marketingPurchaseOrder',2,'0501','fa-shopping-cart'),(28,'Products','Products','marketingProduct',2,'0502','fa-tags'),(29,'Order Receives','Order Receives','marketingOrderReceives',2,'0503','fa-shopping-cart'),(30,'Stocks','Stocks','marketingStock',2,'0504','fa-circle-o-notch'),(31,'Profile','Profile','profile',1,'0',''),(32,'Sales','Sales','0',1,'12','fa-money'),(33,'Sales Order','Sales Order','salesOrder',2,'1201','fa-money');
/*!40000 ALTER TABLE `sysMenus` ENABLE KEYS */;
UNLOCK TABLES;

--
-- Table structure for table `sysUserMenus`
--

DROP TABLE IF EXISTS `sysUserMenus`;
/*!40101 SET @saved_cs_client     = @@character_set_client */;
/*!40101 SET character_set_client = utf8 */;
CREATE TABLE `sysUserMenus` (
  `id` smallint(6) NOT NULL AUTO_INCREMENT,
  `userID` smallint(6) DEFAULT NULL,
  `menuID` smallint(6) DEFAULT NULL,
  PRIMARY KEY (`id`)
) ENGINE=InnoDB AUTO_INCREMENT=7 DEFAULT CHARSET=latin1;
/*!40101 SET character_set_client = @saved_cs_client */;

--
-- Dumping data for table `sysUserMenus`
--

LOCK TABLES `sysUserMenus` WRITE;
/*!40000 ALTER TABLE `sysUserMenus` DISABLE KEYS */;
INSERT INTO `sysUserMenus` VALUES (1,119,1),(2,119,26),(3,119,27),(4,119,28),(5,119,29),(6,119,30);
/*!40000 ALTER TABLE `sysUserMenus` ENABLE KEYS */;
UNLOCK TABLES;

--
-- Table structure for table `sysUsers`
--

DROP TABLE IF EXISTS `sysUsers`;
/*!40101 SET @saved_cs_client     = @@character_set_client */;
/*!40101 SET character_set_client = utf8 */;
CREATE TABLE `sysUsers` (
  `id` smallint(6) NOT NULL AUTO_INCREMENT,
  `userName` varchar(50) DEFAULT NULL,
  `userPassword` varchar(32) DEFAULT NULL,
  `employeeID` smallint(6) DEFAULT NULL,
  `userLocked` bit(1) DEFAULT NULL,
  `tokenDate` datetime DEFAULT NULL,
  `newNotification` tinyint(4) DEFAULT NULL,
  `_createdBy` smallint(6) DEFAULT NULL,
  `_createdStamp` timestamp NOT NULL DEFAULT CURRENT_TIMESTAMP ON UPDATE CURRENT_TIMESTAMP,
  `_updatedBy` smallint(6) DEFAULT NULL,
  `_updatedStamp` timestamp NOT NULL DEFAULT '0000-00-00 00:00:00',
  `_deletedBy` smallint(6) DEFAULT NULL,
  `_deletedStamp` timestamp NOT NULL DEFAULT '0000-00-00 00:00:00',
  PRIMARY KEY (`id`)
) ENGINE=InnoDB AUTO_INCREMENT=175 DEFAULT CHARSET=latin1;
/*!40101 SET character_set_client = @saved_cs_client */;

--
-- Dumping data for table `sysUsers`
--

LOCK TABLES `sysUsers` WRITE;
/*!40000 ALTER TABLE `sysUsers` DISABLE KEYS */;
INSERT INTO `sysUsers` VALUES (2,'Adi Sumantri','e172dd95f4feb21412a692e73929961e',2,NULL,NULL,0,NULL,'2019-03-27 06:29:30',NULL,'0000-00-00 00:00:00',NULL,'0000-00-00 00:00:00'),(3,'Rahmat Hidayat','9b2e035e5362c96aea4c28083f02d6ff',3,NULL,NULL,0,NULL,'2019-03-27 06:29:30',NULL,'0000-00-00 00:00:00',NULL,'0000-00-00 00:00:00'),(4,'Asep Juhara','51fd081fb2f037078fc8a4e037daabe4',4,NULL,'2020-05-11 07:55:16',0,NULL,'2020-05-11 00:55:16',NULL,'0000-00-00 00:00:00',NULL,'0000-00-00 00:00:00'),(5,'Agung Rahmat Riyadi','6624b6d8217cf71640993409df58204f',5,NULL,NULL,0,NULL,'2019-03-27 06:29:30',NULL,'0000-00-00 00:00:00',NULL,'0000-00-00 00:00:00'),(6,'Djupri','e172dd95f4feb21412a692e73929961e',6,NULL,NULL,0,NULL,'2019-03-27 06:29:30',NULL,'0000-00-00 00:00:00',NULL,'0000-00-00 00:00:00'),(7,'Dadang Sugandi','e172dd95f4feb21412a692e73929961e',7,NULL,NULL,0,NULL,'2019-03-27 06:29:30',NULL,'0000-00-00 00:00:00',NULL,'0000-00-00 00:00:00'),(8,'Dede Supriatna','e172dd95f4feb21412a692e73929961e',8,NULL,NULL,0,NULL,'2019-03-27 06:29:30',NULL,'0000-00-00 00:00:00',NULL,'0000-00-00 00:00:00'),(9,'Deddi Hidayat','5bce843dd76db8c939d5323dd3e54ec9',9,NULL,NULL,0,NULL,'2019-03-27 06:29:30',NULL,'0000-00-00 00:00:00',NULL,'0000-00-00 00:00:00'),(10,'Dedi Supriadi','e172dd95f4feb21412a692e73929961e',10,NULL,NULL,0,NULL,'2019-03-27 06:29:30',NULL,'0000-00-00 00:00:00',NULL,'0000-00-00 00:00:00'),(11,'Dibby Ermanda','297fa7777981f402dbba17e9f29e292d',11,NULL,NULL,0,NULL,'2019-03-27 06:29:30',NULL,'0000-00-00 00:00:00',NULL,'0000-00-00 00:00:00'),(12,'Edmundo S. Domingo','ee1d21306cddf0e43641f1dc52d810be',12,NULL,'2020-05-13 08:26:19',0,NULL,'2020-05-13 01:26:19',NULL,'0000-00-00 00:00:00',NULL,'0000-00-00 00:00:00'),(13,'Edi Rachmat','e172dd95f4feb21412a692e73929961e',13,NULL,NULL,0,NULL,'2019-03-27 06:29:30',NULL,'0000-00-00 00:00:00',NULL,'0000-00-00 00:00:00'),(14,'Elissa Wiguna','84ddfb34126fc3a48ee38d7044e87276',14,NULL,'2020-02-18 13:57:05',0,NULL,'2020-02-18 06:57:05',NULL,'0000-00-00 00:00:00',NULL,'0000-00-00 00:00:00'),(15,'M. Agus Romli','a9813e9550fee3110373c21fa012eee7',15,NULL,NULL,0,NULL,'2019-03-27 06:29:30',NULL,'0000-00-00 00:00:00',NULL,'0000-00-00 00:00:00'),(17,'Felix Hendarwanto','e172dd95f4feb21412a692e73929961e',17,NULL,NULL,0,NULL,'2019-03-27 06:29:30',NULL,'0000-00-00 00:00:00',NULL,'0000-00-00 00:00:00'),(18,'Pri Wahyudi','e172dd95f4feb21412a692e73929961e',18,NULL,NULL,0,NULL,'2019-03-27 06:29:30',NULL,'0000-00-00 00:00:00',NULL,'0000-00-00 00:00:00'),(19,'Gunawan Harsaputra','decc2e06a44e61f12a030bc4951563eb',19,NULL,'2020-03-10 15:01:28',0,NULL,'2020-03-10 08:01:28',NULL,'0000-00-00 00:00:00',NULL,'0000-00-00 00:00:00'),(20,'Gustini','e172dd95f4feb21412a692e73929961e',20,NULL,NULL,0,NULL,'2019-03-27 06:29:30',NULL,'0000-00-00 00:00:00',NULL,'0000-00-00 00:00:00'),(21,'Hadi Supriatna','77431ca7981f1f1483ae8a58bcbb6e0e',21,NULL,NULL,0,NULL,'2019-03-27 06:29:30',NULL,'0000-00-00 00:00:00',NULL,'0000-00-00 00:00:00'),(22,'Hendra Hermawan','234e5dc39dc52740524f9d863bec963c',22,NULL,'2020-05-13 08:17:53',0,NULL,'2020-05-13 01:17:53',NULL,'0000-00-00 00:00:00',NULL,'0000-00-00 00:00:00'),(23,'Hendri Widayat','e172dd95f4feb21412a692e73929961e',23,NULL,NULL,0,NULL,'2019-03-27 06:29:30',NULL,'0000-00-00 00:00:00',NULL,'0000-00-00 00:00:00'),(24,'Iqbal','b9d487a30398d42ecff55c228ed5652b',24,NULL,'2019-05-08 10:38:35',0,NULL,'2019-05-08 03:38:35',NULL,'0000-00-00 00:00:00',NULL,'0000-00-00 00:00:00'),(25,'Iim Saprudin','3a0f19df72fef0495c54ced664735a7d',25,NULL,NULL,0,NULL,'2019-03-27 06:29:30',NULL,'0000-00-00 00:00:00',NULL,'0000-00-00 00:00:00'),(26,'Ilham Dhani','9f44e956e3a2b7b5598c625fcc802c36',26,NULL,'2020-02-18 16:08:42',0,NULL,'2020-02-18 09:08:42',NULL,'0000-00-00 00:00:00',NULL,'0000-00-00 00:00:00'),(27,'Moh. Ismed Sapuan','6dcb94fb55921f2416219b454651bffc',27,NULL,'2020-05-13 08:47:01',0,NULL,'2020-05-13 01:47:01',NULL,'0000-00-00 00:00:00',NULL,'0000-00-00 00:00:00'),(28,'Jainuri','ddcbe25988981920c872c1787382f04d',28,NULL,NULL,0,NULL,'2019-03-27 06:29:30',NULL,'0000-00-00 00:00:00',NULL,'0000-00-00 00:00:00'),(29,'Jayadi','d1ee59e20ad01cedc15f5118a7626099',29,NULL,NULL,0,NULL,'2019-03-27 06:29:30',NULL,'0000-00-00 00:00:00',NULL,'0000-00-00 00:00:00'),(30,'Jumali Ariefin','0188e8b8b014829e2fa0f430f0a95961',30,NULL,'2020-05-13 07:32:23',0,NULL,'2020-05-13 00:32:23',NULL,'0000-00-00 00:00:00',NULL,'0000-00-00 00:00:00'),(31,'M. Islahudin','cd89fef7ffdd490db800357f47722b20',31,NULL,'2020-05-04 08:11:53',0,NULL,'2020-05-04 01:11:53',NULL,'0000-00-00 00:00:00',NULL,'0000-00-00 00:00:00'),(32,'Marjono','fb60d411a5c5b72b2e7d3527cfc84fd0',32,NULL,NULL,0,NULL,'2019-03-27 06:29:30',NULL,'0000-00-00 00:00:00',NULL,'0000-00-00 00:00:00'),(33,'Marno','e172dd95f4feb21412a692e73929961e',33,NULL,NULL,0,NULL,'2019-03-27 06:29:30',NULL,'0000-00-00 00:00:00',NULL,'0000-00-00 00:00:00'),(34,'Marsono','e172dd95f4feb21412a692e73929961e',34,NULL,NULL,0,NULL,'2019-03-27 06:29:30',NULL,'0000-00-00 00:00:00',NULL,'0000-00-00 00:00:00'),(35,'Meiliana','17b3c7061788dbe82de5abe9f6fe22b3',35,NULL,'2020-03-10 16:15:49',0,NULL,'2020-03-10 09:15:49',NULL,'0000-00-00 00:00:00',NULL,'0000-00-00 00:00:00'),(36,'Murdiono','8f2f470bb9d82081f256a839f1cc8f6c',37,NULL,NULL,0,NULL,'2019-03-27 06:29:30',NULL,'0000-00-00 00:00:00',NULL,'0000-00-00 00:00:00'),(37,'Nasarudin','e172dd95f4feb21412a692e73929961e',38,NULL,NULL,0,NULL,'2019-03-27 06:29:30',NULL,'0000-00-00 00:00:00',NULL,'0000-00-00 00:00:00'),(38,'Nilvia Yeni','f2e84d98d6dc0c7acd56b40509355666',39,NULL,'2020-03-20 10:07:30',0,NULL,'2020-03-20 03:07:30',NULL,'0000-00-00 00:00:00',NULL,'0000-00-00 00:00:00'),(39,'Petrus Yuli Riyadi','51beafc370abd4f00aa270ee3b626849',40,NULL,NULL,0,NULL,'2019-03-27 06:29:30',NULL,'0000-00-00 00:00:00',NULL,'0000-00-00 00:00:00'),(40,'Petrus P. Folatfindu','1d72310edc006dadf2190caad5802983',41,NULL,NULL,0,NULL,'2019-03-27 06:29:30',NULL,'0000-00-00 00:00:00',NULL,'0000-00-00 00:00:00'),(41,'Tubagus Yudhantara','0004d0b59e19461ff126e3a08a814c33',42,NULL,NULL,0,NULL,'2019-03-27 06:29:30',NULL,'0000-00-00 00:00:00',NULL,'0000-00-00 00:00:00'),(42,'Rokidi','ab2b41c63853f0a651ba9fbf502b0cd8',43,NULL,'2020-04-01 08:58:01',0,NULL,'2020-04-01 01:58:01',NULL,'0000-00-00 00:00:00',NULL,'0000-00-00 00:00:00'),(43,'M. Zetiara R.','7a674153c63cff1ad7f0e261c369ab2c',44,NULL,'2020-05-12 08:29:05',0,NULL,'2020-05-12 01:29:05',NULL,'0000-00-00 00:00:00',NULL,'0000-00-00 00:00:00'),(44,'Viany Rosa','95d309f0b035d97f69902e7972c2b2e6',45,NULL,NULL,0,NULL,'2019-03-27 06:29:30',NULL,'0000-00-00 00:00:00',NULL,'0000-00-00 00:00:00'),(45,'Shoimun','e172dd95f4feb21412a692e73929961e',46,NULL,NULL,0,NULL,'2019-03-27 06:29:30',NULL,'0000-00-00 00:00:00',NULL,'0000-00-00 00:00:00'),(46,'Siti Hajar Sofyani','4a2ddf148c5a9c42151a529e8cbdcc06',47,NULL,'2019-12-10 10:02:42',0,NULL,'2019-12-10 03:02:42',NULL,'0000-00-00 00:00:00',NULL,'0000-00-00 00:00:00'),(47,'Sri Pujiantoro','e172dd95f4feb21412a692e73929961e',48,NULL,NULL,0,NULL,'2019-03-27 06:29:30',NULL,'0000-00-00 00:00:00',NULL,'0000-00-00 00:00:00'),(48,'Totong Suhapto','e077e1a544eec4f0307cf5c3c721d944',49,NULL,'2020-04-28 09:42:57',0,NULL,'2020-04-28 02:42:57',NULL,'0000-00-00 00:00:00',NULL,'0000-00-00 00:00:00'),(49,'Umi Ariyanti','81dc9bdb52d04dc20036dbd8313ed055',50,NULL,'2020-05-12 08:04:13',0,NULL,'2020-05-12 01:04:13',NULL,'0000-00-00 00:00:00',NULL,'0000-00-00 00:00:00'),(50,'Wahyudi Irianto','2d579dc29360d8bbfbb4aa541de5afa9',51,NULL,NULL,0,NULL,'2019-03-27 06:29:30',NULL,'0000-00-00 00:00:00',NULL,'0000-00-00 00:00:00'),(51,'Yudi Triharsono','931af583573227f0220bc568c65ce104',52,NULL,'2020-05-13 08:25:40',0,NULL,'2020-05-13 01:25:40',NULL,'0000-00-00 00:00:00',NULL,'0000-00-00 00:00:00'),(52,'Yuwono','8c01a75941549a705cf7275e41b21f0d',53,NULL,'2020-05-13 08:16:41',0,NULL,'2020-05-13 01:16:41',NULL,'0000-00-00 00:00:00',NULL,'0000-00-00 00:00:00'),(53,'Leonardo','e172dd95f4feb21412a692e73929961e',54,NULL,NULL,0,NULL,'2019-03-27 06:29:30',NULL,'0000-00-00 00:00:00',NULL,'0000-00-00 00:00:00'),(54,'Antonius Batlayeri','d1e39c9bda5c80ac3d8ea9d658163967',55,NULL,NULL,0,NULL,'2019-03-27 06:29:30',NULL,'0000-00-00 00:00:00',NULL,'0000-00-00 00:00:00'),(55,'Budiyana','cd4bb35c75ba84b4f39e547b1416fd35',56,NULL,'2020-03-17 07:03:02',0,NULL,'2020-03-17 00:03:02',NULL,'0000-00-00 00:00:00',NULL,'0000-00-00 00:00:00'),(56,'Joko Ernanto','228b25587479f2fc7570428e8bcbabdc',57,NULL,NULL,0,NULL,'2019-03-27 06:29:30',NULL,'0000-00-00 00:00:00',NULL,'0000-00-00 00:00:00'),(57,'Adityo Numgroho','e172dd95f4feb21412a692e73929961e',58,NULL,NULL,0,NULL,'2019-03-27 06:29:30',NULL,'0000-00-00 00:00:00',NULL,'0000-00-00 00:00:00'),(58,'Andi Rahadiawan','e172dd95f4feb21412a692e73929961e',59,NULL,NULL,0,NULL,'2019-03-27 06:29:30',NULL,'0000-00-00 00:00:00',NULL,'0000-00-00 00:00:00'),(59,'Dicky Supriadi','23fc4cba066f390a8cc729c7592b6ee8',60,NULL,'2020-05-13 09:03:10',0,NULL,'2020-05-13 02:03:10',NULL,'0000-00-00 00:00:00',NULL,'0000-00-00 00:00:00'),(60,'Ahmad Maulana','6c340f25839e6acdc73414517203f5f0',61,NULL,NULL,0,NULL,'2019-03-27 06:29:30',NULL,'0000-00-00 00:00:00',NULL,'0000-00-00 00:00:00'),(61,'Mukri','4e0d67e54ad6626e957d15b08ae128a6',62,NULL,NULL,0,NULL,'2019-03-27 06:29:30',NULL,'0000-00-00 00:00:00',NULL,'0000-00-00 00:00:00'),(62,'Dani Setia Ramdani','97d98119037c5b8a9663cb21fb8ebf47',63,NULL,'2020-03-27 17:28:44',0,NULL,'2020-03-27 10:28:44',NULL,'0000-00-00 00:00:00',NULL,'0000-00-00 00:00:00'),(63,'Harun Al-Rasyid','691dcb1d65f31967a874d18383b9da75',64,NULL,'2020-03-09 09:24:34',0,NULL,'2020-03-09 02:24:34',NULL,'0000-00-00 00:00:00',NULL,'0000-00-00 00:00:00'),(64,'Fajar Siddieq','9e6adb1432c4a75a33d48693328e4159',65,NULL,'2020-05-13 07:54:39',0,NULL,'2020-05-13 00:54:39',NULL,'0000-00-00 00:00:00',NULL,'0000-00-00 00:00:00'),(65,'Wihadi','8d420fa35754d1f1c19969c88780314d',66,NULL,NULL,0,NULL,'2019-03-27 06:29:30',NULL,'0000-00-00 00:00:00',NULL,'0000-00-00 00:00:00'),(66,'Muslikan','e172dd95f4feb21412a692e73929961e',67,NULL,NULL,0,NULL,'2019-03-27 06:29:30',NULL,'0000-00-00 00:00:00',NULL,'0000-00-00 00:00:00'),(67,'Antonius Santoso','09e7655fc1dc8fa7c9d6c4478313d5e6',68,NULL,'2019-12-09 16:52:02',0,NULL,'2019-12-09 09:52:02',NULL,'0000-00-00 00:00:00',NULL,'0000-00-00 00:00:00'),(68,'Lukmanul Hakim','11d0e6287202fced83f79975ec59a3a6',69,NULL,NULL,0,NULL,'2019-03-27 06:29:30',NULL,'0000-00-00 00:00:00',NULL,'0000-00-00 00:00:00'),(69,'Natasya CH.','e172dd95f4feb21412a692e73929961e',70,NULL,NULL,0,NULL,'2019-03-27 06:29:30',NULL,'0000-00-00 00:00:00',NULL,'0000-00-00 00:00:00'),(70,'Dwi Cahyo Hendro Wibowo','4e4f523705f88c7253fc492d5a45743a',71,NULL,NULL,0,NULL,'2019-03-27 06:29:30',NULL,'0000-00-00 00:00:00',NULL,'0000-00-00 00:00:00'),(71,'Yusen','e172dd95f4feb21412a692e73929961e',72,NULL,NULL,0,NULL,'2019-03-27 06:29:30',NULL,'0000-00-00 00:00:00',NULL,'0000-00-00 00:00:00'),(72,'Uyan Supyan','c4c455df3c54f292ae22f6791fd2553e',73,NULL,NULL,0,NULL,'2019-03-27 06:29:30',NULL,'0000-00-00 00:00:00',NULL,'0000-00-00 00:00:00'),(73,'Ervina Sari Agustin','01e9565cecc4e989123f9620c1d09c09',74,NULL,NULL,0,NULL,'2019-03-27 06:29:30',NULL,'0000-00-00 00:00:00',NULL,'0000-00-00 00:00:00'),(74,'Muhammad Yusuf','b5507f51b88a3ae4a99ba87e4877ab57',75,NULL,'2020-03-06 14:07:18',0,NULL,'2020-03-06 07:07:18',NULL,'0000-00-00 00:00:00',NULL,'0000-00-00 00:00:00'),(75,'Sandy Januardy','e172dd95f4feb21412a692e73929961e',76,NULL,NULL,0,NULL,'2019-03-27 06:29:30',NULL,'0000-00-00 00:00:00',NULL,'0000-00-00 00:00:00'),(76,'Noto Dwi Pratomo','4ebccfb3e317c7789f04f7a558df4537',77,NULL,NULL,0,NULL,'2019-03-27 06:29:30',NULL,'0000-00-00 00:00:00',NULL,'0000-00-00 00:00:00'),(77,'Kustanto','2a27b8144ac02f67687f76782a3b5d8f',79,NULL,'2019-12-04 13:11:02',0,NULL,'2019-12-04 06:11:02',NULL,'0000-00-00 00:00:00',NULL,'0000-00-00 00:00:00'),(78,'Suhud','4b86abe48d358ecf194c56c69108433e',80,NULL,NULL,0,NULL,'2019-03-27 06:29:30',NULL,'0000-00-00 00:00:00',NULL,'0000-00-00 00:00:00'),(79,'Rio Hanafi','351869bde8b9d6ad1e3090bd173f600d',81,NULL,'2020-03-19 08:59:05',0,NULL,'2020-03-19 01:59:05',NULL,'0000-00-00 00:00:00',NULL,'0000-00-00 00:00:00'),(80,'Wadi Kurniawan','e172dd95f4feb21412a692e73929961e',82,NULL,NULL,0,NULL,'2019-03-27 06:29:30',NULL,'0000-00-00 00:00:00',NULL,'0000-00-00 00:00:00'),(81,'Yayan Sugiarto','e172dd95f4feb21412a692e73929961e',83,NULL,NULL,0,NULL,'2019-03-27 06:29:30',NULL,'0000-00-00 00:00:00',NULL,'0000-00-00 00:00:00'),(82,'Bambang Fx. Sudarmanto','e172dd95f4feb21412a692e73929961e',85,NULL,NULL,0,NULL,'2019-03-27 06:29:30',NULL,'0000-00-00 00:00:00',NULL,'0000-00-00 00:00:00'),(83,'Dedi Sopian','e702e51da2c0f5be4dd354bb3e295d37',86,NULL,NULL,0,NULL,'2019-03-27 06:29:30',NULL,'0000-00-00 00:00:00',NULL,'0000-00-00 00:00:00'),(84,'Zainudin','ed57844fa5e051809ead5aa7e3e1d555',87,NULL,'2020-05-13 08:32:02',0,NULL,'2020-05-13 01:32:02',NULL,'0000-00-00 00:00:00',NULL,'0000-00-00 00:00:00'),(85,'Aris Sunanto','580f9aa264f1108da3db844806f3952e',88,NULL,'2020-04-21 12:56:18',0,NULL,'2020-04-21 05:56:18',NULL,'0000-00-00 00:00:00',NULL,'0000-00-00 00:00:00'),(86,'Desy Irawati','d68a18275455ae3eaa2c291eebb46e6d',89,NULL,'2020-03-20 18:06:56',0,NULL,'2020-03-20 11:06:56',NULL,'0000-00-00 00:00:00',NULL,'0000-00-00 00:00:00'),(87,'Setio Widiyanto','e172dd95f4feb21412a692e73929961e',90,NULL,NULL,0,NULL,'2019-03-27 06:29:30',NULL,'0000-00-00 00:00:00',NULL,'0000-00-00 00:00:00'),(88,'Rosyid Ridho','4cdcf18ba72a7b28dc405b992f8cddcd',91,NULL,'2019-09-20 10:05:34',0,NULL,'2019-09-20 03:05:34',NULL,'0000-00-00 00:00:00',NULL,'0000-00-00 00:00:00'),(89,'Iwan Prasetyo','6c468ec5a41d65815de23ec1d08d7951',92,NULL,'2020-03-20 11:39:56',0,NULL,'2020-03-20 04:39:56',NULL,'0000-00-00 00:00:00',NULL,'0000-00-00 00:00:00'),(90,'Priyana Syamhudi','c44bebb973e14fe539676e0e9155b121',93,NULL,NULL,0,NULL,'2019-03-27 06:29:30',NULL,'0000-00-00 00:00:00',NULL,'0000-00-00 00:00:00'),(91,'Jahri','887caadc3642e304ede659b734f79b00',94,NULL,NULL,0,NULL,'2019-03-27 06:29:30',NULL,'0000-00-00 00:00:00',NULL,'0000-00-00 00:00:00'),(92,'Rian Satriana','4bb948d5b21472509627f7f4c2a44784',95,NULL,NULL,0,NULL,'2019-03-27 06:29:30',NULL,'0000-00-00 00:00:00',NULL,'0000-00-00 00:00:00'),(93,'Johanry Limbong','e172dd95f4feb21412a692e73929961e',96,NULL,NULL,0,NULL,'2019-03-27 06:29:30',NULL,'0000-00-00 00:00:00',NULL,'0000-00-00 00:00:00'),(94,'A. Robby C.','6d8e4836f22d0a921638c5a785a62896',97,NULL,'2020-05-05 09:51:01',0,NULL,'2020-05-05 02:51:01',NULL,'0000-00-00 00:00:00',NULL,'0000-00-00 00:00:00'),(95,'RUDI ARWANDA','9b3a9fb4db30fc6594ec3990cbc09932',98,NULL,'2020-05-11 09:35:50',0,NULL,'2020-05-11 02:35:50',NULL,'0000-00-00 00:00:00',NULL,'0000-00-00 00:00:00'),(96,'Rey Mannix','3f088ebeda03513be71d34d214291986',99,NULL,'2020-09-15 08:44:14',0,NULL,'2020-09-15 01:44:14',NULL,'0000-00-00 00:00:00',NULL,'0000-00-00 00:00:00'),(97,'Ramelan Mulya Prakoso, S.','3eae62bba9ddf64f69d49dc48e2dd214',100,NULL,'2020-05-13 08:43:19',0,NULL,'2020-05-13 01:43:19',NULL,'0000-00-00 00:00:00',NULL,'0000-00-00 00:00:00'),(98,'Indra Lukmana','42a3964579017f3cb42b26605b9ae8ef',101,NULL,NULL,0,NULL,'2020-04-20 04:37:35',NULL,'0000-00-00 00:00:00',NULL,'0000-00-00 00:00:00'),(99,'Indra Koswara','2952351097998ac1240cb2ab7333a3d2',102,NULL,NULL,0,NULL,'2019-03-27 06:29:30',NULL,'0000-00-00 00:00:00',NULL,'0000-00-00 00:00:00'),(100,'Humairoh Pratiwi','6c340f25839e6acdc73414517203f5f0',104,NULL,NULL,0,NULL,'2019-03-27 06:29:30',NULL,'0000-00-00 00:00:00',NULL,'0000-00-00 00:00:00'),(101,'Rina Ernawati','e172dd95f4feb21412a692e73929961e',105,NULL,NULL,0,NULL,'2019-03-27 06:29:30',NULL,'0000-00-00 00:00:00',NULL,'0000-00-00 00:00:00'),(102,'Abdul Rohman Wakhid','fcdf25d6e191893e705819b177cddea0',107,NULL,'2020-03-17 07:48:53',0,NULL,'2020-03-17 00:48:53',NULL,'0000-00-00 00:00:00',NULL,'0000-00-00 00:00:00'),(103,'Arifin Juansyah','20c9f5700da1088260df60fcc5df2b53',108,NULL,NULL,0,NULL,'2019-03-27 06:29:30',NULL,'0000-00-00 00:00:00',NULL,'0000-00-00 00:00:00'),(104,'Adwin Noer Pamungkas','e034fb6b66aacc1d48f445ddfb08da98',109,NULL,NULL,0,NULL,'2019-03-27 06:29:30',NULL,'0000-00-00 00:00:00',NULL,'0000-00-00 00:00:00'),(105,'Trias Hari Fitrianto','4c26774d852f62440fc746ea4cdd57f6',110,NULL,'2020-05-12 20:54:38',0,NULL,'2020-05-12 13:54:38',NULL,'0000-00-00 00:00:00',NULL,'0000-00-00 00:00:00'),(106,'Apep Irwan','d43ab110ab2489d6b9b2caa394bf920f',111,NULL,NULL,0,NULL,'2019-03-27 06:29:30',NULL,'0000-00-00 00:00:00',NULL,'0000-00-00 00:00:00'),(107,'Faisal','e172dd95f4feb21412a692e73929961e',112,NULL,NULL,0,NULL,'2019-03-27 06:29:30',NULL,'0000-00-00 00:00:00',NULL,'0000-00-00 00:00:00'),(108,'Toto Prasetyo','e172dd95f4feb21412a692e73929961e',113,NULL,NULL,0,NULL,'2019-03-27 06:29:30',NULL,'0000-00-00 00:00:00',NULL,'0000-00-00 00:00:00'),(109,'Ahmad Sulthoni','7949e456002b28988d38185bd30e77fd',114,NULL,NULL,0,NULL,'2019-03-27 06:29:30',NULL,'0000-00-00 00:00:00',NULL,'0000-00-00 00:00:00'),(110,'Nur Asrori','43dd49b4fdb9bede653e94468ff8df1e',115,NULL,NULL,0,NULL,'2019-03-27 06:29:30',NULL,'0000-00-00 00:00:00',NULL,'0000-00-00 00:00:00'),(111,'Ridwan Suseno','e172dd95f4feb21412a692e73929961e',116,NULL,NULL,0,NULL,'2019-03-27 06:29:30',NULL,'0000-00-00 00:00:00',NULL,'0000-00-00 00:00:00'),(112,'Puji Lestari','e172dd95f4feb21412a692e73929961e',117,NULL,NULL,0,NULL,'2019-03-27 06:29:30',NULL,'0000-00-00 00:00:00',NULL,'0000-00-00 00:00:00'),(113,'Farah Wira','e172dd95f4feb21412a692e73929961e',118,NULL,NULL,0,NULL,'2019-03-27 06:29:30',NULL,'0000-00-00 00:00:00',NULL,'0000-00-00 00:00:00'),(114,'Resti Astianti','d26beb4d23d4930fba836087f83d9bcf',119,NULL,NULL,0,NULL,'2019-03-27 06:29:30',NULL,'0000-00-00 00:00:00',NULL,'0000-00-00 00:00:00'),(115,'Fitri Andriyani Tuminah','62889e73828c756c961c5a6d6c01a463',120,NULL,NULL,0,NULL,'2019-03-27 06:29:30',NULL,'0000-00-00 00:00:00',NULL,'0000-00-00 00:00:00'),(116,'Subhan','411ae1bf081d1674ca6091f8c59a266f',121,NULL,'2020-02-18 14:37:44',0,NULL,'2020-02-18 07:37:44',NULL,'0000-00-00 00:00:00',NULL,'0000-00-00 00:00:00'),(117,'Andy Pratama Putra','65cc2c8205a05d7379fa3a6386f710e1',128,NULL,NULL,0,NULL,'2019-03-27 06:29:30',NULL,'0000-00-00 00:00:00',NULL,'0000-00-00 00:00:00'),(118,'Febrian Adrianputra','e172dd95f4feb21412a692e73929961e',129,NULL,NULL,0,NULL,'2019-03-27 06:29:30',NULL,'0000-00-00 00:00:00',NULL,'0000-00-00 00:00:00'),(119,'Iqbal Pienandoro Jati','7d1e6b02af59efefd53323255d6ded3d',130,NULL,'2020-10-21 08:19:03',0,NULL,'2020-10-21 01:19:03',NULL,'0000-00-00 00:00:00',NULL,'0000-00-00 00:00:00'),(120,'Seli Oktaviani','657b96f0592803e25a4f07166fff289a',131,NULL,NULL,0,NULL,'2019-03-27 06:29:30',NULL,'0000-00-00 00:00:00',NULL,'0000-00-00 00:00:00'),(121,'Firdaus','99f42c473afe0eb4bd047ae133b851fc',132,NULL,NULL,0,NULL,'2019-03-27 06:29:30',NULL,'0000-00-00 00:00:00',NULL,'0000-00-00 00:00:00'),(122,'Erwin Triyanto','e172dd95f4feb21412a692e73929961e',133,NULL,NULL,0,NULL,'2019-03-27 06:29:30',NULL,'0000-00-00 00:00:00',NULL,'0000-00-00 00:00:00'),(123,'Ahmad Yusuf','7297f44a1c4443049b235b59ac3ebadd',134,NULL,NULL,0,NULL,'2019-03-27 06:29:30',NULL,'0000-00-00 00:00:00',NULL,'0000-00-00 00:00:00'),(124,'Usni Azis','e172dd95f4feb21412a692e73929961e',136,NULL,NULL,0,NULL,'2019-03-27 06:29:30',NULL,'0000-00-00 00:00:00',NULL,'0000-00-00 00:00:00'),(125,'Elizabeth Sahureka','c900ced7451da79502d29aa37ebb7b60',137,NULL,NULL,0,NULL,'2019-03-27 06:29:30',NULL,'0000-00-00 00:00:00',NULL,'0000-00-00 00:00:00'),(126,'Erik Parahasta','91c77393975889bd08f301c9e13a44b7',138,NULL,NULL,0,NULL,'2019-03-27 06:29:30',NULL,'0000-00-00 00:00:00',NULL,'0000-00-00 00:00:00'),(127,'Puspita Nhiemas A.S','d10ec7c16cbe9de8fbb1c42787c3ec26',139,NULL,NULL,0,NULL,'2019-03-27 06:29:30',NULL,'0000-00-00 00:00:00',NULL,'0000-00-00 00:00:00'),(128,'Ahmad Somali','17fafe5f6ce2f1904eb09d2e80a4cbf6',140,NULL,'2020-05-11 08:13:12',0,NULL,'2020-05-11 01:13:12',NULL,'0000-00-00 00:00:00',NULL,'0000-00-00 00:00:00'),(129,'Arriyanto Jakaria','7fec306d1e665bc9c748b5d2b99a6e97',141,NULL,NULL,0,NULL,'2019-03-27 06:29:30',NULL,'0000-00-00 00:00:00',NULL,'0000-00-00 00:00:00'),(130,'Demuri','c2ba1bc54b239208cb37b901c0d3b363',142,NULL,NULL,0,NULL,'2019-03-27 06:29:30',NULL,'0000-00-00 00:00:00',NULL,'0000-00-00 00:00:00'),(131,'Yusep Ramly','7648557e5c7f1ecd407347dde3bd9927',143,NULL,NULL,0,NULL,'2019-03-27 06:29:30',NULL,'0000-00-00 00:00:00',NULL,'0000-00-00 00:00:00'),(132,'Petrus Damianus','269d837afada308dd4aeab28ca2d57e4',144,NULL,NULL,0,NULL,'2019-03-27 06:29:30',NULL,'0000-00-00 00:00:00',NULL,'0000-00-00 00:00:00'),(133,'Danny Dandarama','2cbca44843a864533ec05b321ae1f9d1',147,NULL,'2020-03-20 09:32:17',0,NULL,'2020-03-20 02:32:17',NULL,'0000-00-00 00:00:00',NULL,'0000-00-00 00:00:00'),(134,'Hendarto Suryono P.','fd5c905bcd8c3348ad1b35d7231ee2b1',148,NULL,'2020-04-02 13:03:19',0,NULL,'2020-04-02 06:03:19',NULL,'0000-00-00 00:00:00',NULL,'0000-00-00 00:00:00'),(135,'Lillian','e172dd95f4feb21412a692e73929961e',149,NULL,NULL,0,NULL,'2019-03-27 06:29:30',NULL,'0000-00-00 00:00:00',NULL,'0000-00-00 00:00:00'),(136,'Sari','645098b086d2f9e1e0e939c27f9f2d6f',150,NULL,NULL,NULL,NULL,'2019-03-27 06:29:30',NULL,'0000-00-00 00:00:00',NULL,'0000-00-00 00:00:00'),(137,'IA','3d3103fc27ffaea9fcbaebd91c8fff07',151,NULL,NULL,NULL,NULL,'2019-03-27 06:29:30',NULL,'0000-00-00 00:00:00',NULL,'0000-00-00 00:00:00'),(138,'Andy',NULL,152,NULL,NULL,NULL,NULL,'2019-03-27 06:29:30',NULL,'0000-00-00 00:00:00',NULL,'0000-00-00 00:00:00'),(139,'Rohmat',NULL,153,NULL,NULL,NULL,NULL,'2019-03-27 06:29:30',NULL,'0000-00-00 00:00:00',NULL,'0000-00-00 00:00:00'),(140,'Ganesha','6b5ce5a5aa1b506c66ece16c4cd9138d',154,NULL,NULL,NULL,NULL,'2019-03-27 06:29:30',NULL,'0000-00-00 00:00:00',NULL,'0000-00-00 00:00:00'),(141,'Catur Ilham Prasetya','aff53752790c8c5348954c335c5ad682',191,NULL,'2020-05-06 17:21:13',NULL,NULL,'2020-05-06 10:21:13',NULL,'0000-00-00 00:00:00',NULL,'0000-00-00 00:00:00'),(142,'Daus',NULL,198,NULL,NULL,NULL,NULL,'2018-08-01 02:05:37',NULL,'0000-00-00 00:00:00',NULL,'0000-00-00 00:00:00'),(143,'Abbas','d0fb963ff976f9c37fc81fe03c21ea7b',179,NULL,'2020-04-24 08:26:54',NULL,NULL,'2020-04-24 01:26:54',NULL,'0000-00-00 00:00:00',NULL,'0000-00-00 00:00:00'),(144,'Adi Hartono','ad3019b856147c17e82a5bead782d2a8',205,NULL,'2020-11-16 11:40:18',NULL,NULL,'2020-11-16 04:40:18',NULL,'0000-00-00 00:00:00',NULL,'0000-00-00 00:00:00'),(145,'Muhamad Rizky','4f53d60aee2ffa2af10e3463da26b784',172,NULL,'2020-03-18 11:29:43',NULL,NULL,'2020-03-18 04:29:43',NULL,'0000-00-00 00:00:00',NULL,'0000-00-00 00:00:00'),(146,'Dzulfiqar Muhamad Wahab','df9028fcb6b065e000ffe8a4f03eeb38',159,NULL,'2020-05-12 08:33:30',NULL,NULL,'2020-05-12 01:33:30',NULL,'0000-00-00 00:00:00',NULL,'0000-00-00 00:00:00'),(147,'Muh.Sandi Pratama',NULL,174,NULL,NULL,NULL,NULL,'2020-03-17 01:16:43',NULL,'0000-00-00 00:00:00',NULL,'0000-00-00 00:00:00'),(148,'Andi rahardiawan',NULL,168,NULL,NULL,NULL,NULL,'2020-03-17 08:00:53',NULL,'0000-00-00 00:00:00',NULL,'0000-00-00 00:00:00'),(149,'Rahmat',NULL,171,NULL,NULL,NULL,NULL,'2020-03-17 08:00:53',NULL,'0000-00-00 00:00:00',NULL,'0000-00-00 00:00:00'),(150,'Aditya anas hamdani p',NULL,173,NULL,NULL,NULL,NULL,'2020-03-17 08:00:53',NULL,'0000-00-00 00:00:00',NULL,'0000-00-00 00:00:00'),(151,'Hafidz al fachridzi',NULL,175,NULL,NULL,NULL,NULL,'2020-03-17 08:00:53',NULL,'0000-00-00 00:00:00',NULL,'0000-00-00 00:00:00'),(152,'Aziz Athollah',NULL,176,NULL,NULL,NULL,NULL,'2020-03-17 08:00:53',NULL,'0000-00-00 00:00:00',NULL,'0000-00-00 00:00:00'),(153,'Jennifer Brenda',NULL,178,NULL,NULL,NULL,NULL,'2020-03-17 08:00:53',NULL,'0000-00-00 00:00:00',NULL,'0000-00-00 00:00:00'),(154,'Rizqi Ahmad Al Jabar',NULL,180,NULL,NULL,NULL,NULL,'2020-03-17 08:00:53',NULL,'0000-00-00 00:00:00',NULL,'0000-00-00 00:00:00'),(155,'Maulida Hayatun Nupus',NULL,181,NULL,NULL,NULL,NULL,'2020-03-17 08:00:53',NULL,'0000-00-00 00:00:00',NULL,'0000-00-00 00:00:00'),(156,'Naufall Nugraha','333222170ab9edca4785c39f55221fe7',182,NULL,'2020-04-17 10:14:07',NULL,NULL,'2020-04-17 03:14:07',NULL,'0000-00-00 00:00:00',NULL,'0000-00-00 00:00:00'),(157,'Mubasirin',NULL,183,NULL,NULL,NULL,NULL,'2020-03-17 08:00:53',NULL,'0000-00-00 00:00:00',NULL,'0000-00-00 00:00:00'),(158,'Abdul Khoir',NULL,184,NULL,NULL,NULL,NULL,'2020-03-17 08:00:53',NULL,'0000-00-00 00:00:00',NULL,'0000-00-00 00:00:00'),(159,'Novian Tri Utomo',NULL,185,NULL,NULL,NULL,NULL,'2020-03-17 08:00:53',NULL,'0000-00-00 00:00:00',NULL,'0000-00-00 00:00:00'),(160,'Anugrah Ramadhany',NULL,186,NULL,NULL,NULL,NULL,'2020-03-17 08:00:53',NULL,'0000-00-00 00:00:00',NULL,'0000-00-00 00:00:00'),(161,'Ilham Lafiandi',NULL,187,NULL,NULL,NULL,NULL,'2020-03-17 08:00:53',NULL,'0000-00-00 00:00:00',NULL,'0000-00-00 00:00:00'),(162,'Teguh Permadi',NULL,188,NULL,NULL,NULL,NULL,'2020-03-17 08:00:53',NULL,'0000-00-00 00:00:00',NULL,'0000-00-00 00:00:00'),(163,'Diki Permana',NULL,189,NULL,NULL,NULL,NULL,'2020-03-17 08:00:53',NULL,'0000-00-00 00:00:00',NULL,'0000-00-00 00:00:00'),(164,'Suryana',NULL,192,NULL,NULL,NULL,NULL,'2020-03-17 08:00:53',NULL,'0000-00-00 00:00:00',NULL,'0000-00-00 00:00:00'),(165,'Nurul Anwar Fathoni',NULL,193,NULL,NULL,NULL,NULL,'2020-03-17 08:00:53',NULL,'0000-00-00 00:00:00',NULL,'0000-00-00 00:00:00'),(166,'Apep Jujun Junandi',NULL,197,NULL,NULL,NULL,NULL,'2020-03-17 08:00:53',NULL,'0000-00-00 00:00:00',NULL,'0000-00-00 00:00:00'),(167,'Muhammad Sidik',NULL,199,NULL,NULL,NULL,NULL,'2020-03-17 08:00:53',NULL,'0000-00-00 00:00:00',NULL,'0000-00-00 00:00:00'),(168,'Mulyana',NULL,203,NULL,NULL,NULL,NULL,'2020-03-17 08:00:53',NULL,'0000-00-00 00:00:00',NULL,'0000-00-00 00:00:00'),(169,'Muhammad Assegaf Raja Kus','e721a54a8cf18c8543d44782d9ef681f',204,NULL,'2020-05-12 08:37:15',NULL,NULL,'2020-05-12 01:37:15',NULL,'0000-00-00 00:00:00',NULL,'0000-00-00 00:00:00'),(170,'Siswoyo',NULL,206,NULL,NULL,NULL,NULL,'2020-03-17 08:00:53',NULL,'0000-00-00 00:00:00',NULL,'0000-00-00 00:00:00'),(171,'Jajat Sudrajat',NULL,207,NULL,NULL,NULL,NULL,'2020-03-17 08:00:56',NULL,'0000-00-00 00:00:00',NULL,'0000-00-00 00:00:00'),(172,'Eduardus Jacobus Foltfind',NULL,161,NULL,NULL,NULL,NULL,'2020-03-17 08:24:55',NULL,'0000-00-00 00:00:00',NULL,'0000-00-00 00:00:00'),(173,'Yuwono','8c01a75941549a705cf7275e41b21f0d',53,NULL,'2020-05-13 08:16:41',NULL,NULL,'2020-05-13 01:16:41',NULL,'0000-00-00 00:00:00',NULL,'0000-00-00 00:00:00'),(174,'Danny Dandarama','2cbca44843a864533ec05b321ae1f9d1',147,NULL,'2020-03-20 09:32:17',NULL,NULL,'2020-03-20 02:32:17',NULL,'0000-00-00 00:00:00',NULL,'0000-00-00 00:00:00');
/*!40000 ALTER TABLE `sysUsers` ENABLE KEYS */;
UNLOCK TABLES;
/*!40103 SET TIME_ZONE=@OLD_TIME_ZONE */;

/*!40101 SET SQL_MODE=@OLD_SQL_MODE */;
/*!40014 SET FOREIGN_KEY_CHECKS=@OLD_FOREIGN_KEY_CHECKS */;
/*!40014 SET UNIQUE_CHECKS=@OLD_UNIQUE_CHECKS */;
/*!40101 SET CHARACTER_SET_CLIENT=@OLD_CHARACTER_SET_CLIENT */;
/*!40101 SET CHARACTER_SET_RESULTS=@OLD_CHARACTER_SET_RESULTS */;
/*!40101 SET COLLATION_CONNECTION=@OLD_COLLATION_CONNECTION */;
/*!40111 SET SQL_NOTES=@OLD_SQL_NOTES */;

-- Dump completed on 2020-11-18 14:42:56
